X,Y,Z,Id
34.769739955,31.2680601010001,0,0
34.7656877960001,31.264948206,0,0
34.76983003,31.26886182,0,0
34.7713796210001,31.269119876,0,0
34.767682397,31.269717789,0,0
34.7704792070001,31.270953289,0,0
34.7677389090001,31.2676933720001,0,0
34.7694258720001,31.269905168,0,0
34.772316846,31.2695807010001,0,0
34.770552482,31.2695194070001,0,0
34.7710452170001,31.26991436,0,0
34.7707180100001,31.2687132560001,0,0
34.7703059930001,31.2703264130001,0,0
34.7709808560001,31.2718110050001,0,0
34.7719091660001,31.27032798,0,0
34.771559489,31.2699913750001,0,0
34.7720305560001,31.271375269,0,0
34.7725166220001,31.270413202,0,0
34.771184686,31.271213667,0,0
34.7704463,31.2713886350001,0,0
34.76968207,31.2711582790001,0,0
34.7686588970001,31.2707870400001,0,0
34.7594531990001,31.270293264,0,0
34.7686990120001,31.2713686020001,0,0
34.7680219150001,31.2703430770001,0,0
34.763835817,31.269743987,0,0
34.7673415900001,31.271082811,0,0
34.7648386230001,31.2722482460001,0,0
34.7665967510001,31.2717220220001,0,0
34.764261903,31.272980343,0,0
34.7649376050001,31.2729192730001,0,0
34.7643207260001,31.271546245,0,0
34.763641148,31.2720318520001,0,0
34.76563072,31.268619782,0,0
34.765086131,31.2709931,0,0
34.7660216520001,31.2668896660001,0,0
34.7652644280001,31.2663047620001,0,0
34.7639617460001,31.265275854,0,0
34.759575522,31.2694352510001,0,0
34.765908,31.265509627,0,0
34.767096042,31.267588753,0,0
34.7666160790001,31.266939719,0,0
34.7667124910001,31.266041898,0,0
34.7659088190001,31.2663363120001,0,0
34.764983837,31.2657878800001,0,0
34.7652437990001,31.26720063,0,0
34.761727529,31.2673582,0,0
34.7643636340001,31.267503881,0,0
34.7647432380001,31.268020188,0,0
34.7642113480001,31.2685423630001,0,0
34.7635822030001,31.2684276250001,0,0
34.7627792690001,31.266786623,0,0
34.762721218,31.2674887700001,0,0
34.763098977,31.268033243,0,0
34.761259943,31.268250488,0,0
34.760834968,31.267834758,0,0
34.7671402880001,31.2703960490001,0,0
34.7655479380001,31.2698883260001,0,0
34.7649533310001,31.2691202670001,0,0
34.766109284,31.269232346,0,0
34.7669554460001,31.2690444090001,0,0
34.766671725,31.268379823,0,0
34.7674481820001,31.266654223,0,0
34.767577713,31.2689016090001,0,0
34.7680949200001,31.2670537280001,0,0
34.7656402100001,31.271658625,0,0
34.7620538370001,31.2701479900001,0,0
34.7640128940001,31.270313989,0,0
34.762873019,31.2695449940001,0,0
34.7586262200001,31.26981994,0,0
34.7610985310001,31.270119348,0,0
34.7613818,31.270762749,0,0
34.7631035380001,31.2713285990001,0,0
34.7632587840001,31.2708676180001,0,0
34.7622115520001,31.270909085,0,0
34.7646209390001,31.270633144,0,0
34.7603999770001,31.2700680620001,0,0
34.759000708,31.269066391,0,0
34.754851252,31.2657399,0,0
34.7605481740001,31.2708153130001,0,0
34.7603909110001,31.2695458170001,0,0
34.7610970200001,31.269495826,0,0
34.761281738,31.2690254950001,0,0
34.762797124,31.269139404,0,0
34.7646962360001,31.269622559,0,0
34.7637731780001,31.266207837,0,0
34.764451508,31.266712048,0,0
34.7635769080001,31.2672624580001,0,0
34.759980872,31.268360095,0,0
34.7555058900001,31.2658165870001,0,0
34.757451755,31.2688864090001,0,0
34.7574698020001,31.2667045850001,0,0
34.7552828010001,31.2664756450001,0,0
34.758004876,31.266156881,0,0
34.7572986480001,31.2671508060001,0,0
34.7560170990001,31.2670517010001,0,0
34.7568183340001,31.267665128,0,0
34.758541291,31.2684885780001,0,0
34.7566656070001,31.26826565,0,0
34.759378054,31.2672746540001,0,0
34.7576071140001,31.2682827260001,0,0
34.7591340050001,31.267804621,0,0
34.758106974,31.2677866550001,0,0
34.758915518,31.2676308760001,0,0
34.7599794650001,31.266610562,0,0
34.7586389790001,31.2666370250001,0,0
34.7591553190001,31.2653518870001,0,0
34.7592734130001,31.26639634,0,0
34.7562141610001,31.2660722200001,0,0
34.756865282,31.2664441310001,0,0
34.7568329580001,31.2656811570001,0,0
34.7567858210001,31.2648804070001,0,0
34.757398456,31.26545407,0,0
34.7579971210001,31.2649805980001,0,0
34.764922557,31.2645041580001,0,0
34.7577855500001,31.2645482660001,0,0
34.7611589110001,31.264563088,0,0
34.7602403880001,31.2638728950001,0,0
34.7591674830001,31.264092051,0,0
34.7602468530001,31.2646339390001,0,0
34.7627267980001,31.264077548,0,0
34.7610474840001,31.2638149090001,0,0
34.761775302,31.2641139690001,0,0
34.7643691050001,31.2637290600001,0,0
34.7625104640001,31.263586199,0,0
34.7634940200001,31.26326189,0,0
34.763331662,31.2643874120001,0,0
34.764170247,31.264605982,0,0
34.76142142,31.2664954410001,0,0
34.7648088780001,31.2655181160001,0,0
34.763119123,31.265763173,0,0
34.7622926080001,31.265914889,0,0
34.7743592850001,31.219809191,0,0
34.7743433210001,31.220770906,0,0
34.77369135,31.220040511,0,0
34.7751623780001,31.2206460830001,0,0
34.7717746170001,31.2217800550001,0,0
34.7748939210001,31.2201208860001,0,0
34.7717174520001,31.2209925490001,0,0
34.7731790400001,31.220172054,0,0
34.77527424,31.2227142460001,0,0
34.7725276360001,31.220613895,0,0
34.7732863730001,31.220639648,0,0
34.7725751790001,31.2211770370001,0,0
34.772596551,31.22011151,0,0
34.7749194560001,31.221318938,0,0
34.775723376,31.2209284520001,0,0
34.7761671420001,31.2213167670001,0,0
34.776574479,31.2217370220001,0,0
34.7763341310001,31.2226927950001,0,0
34.7733921760001,31.221261052,0,0
34.7742799690001,31.2231556290001,0,0
34.77225923,31.222140489,0,0
34.7720871540001,31.2222717020001,0,0
34.7736775020001,31.2225175400001,0,0
34.7729288530001,31.223076276,0,0
34.7756883070001,31.224491814,0,0
34.7733476970001,31.2234724370001,0,0
34.7743344200001,31.224165322,0,0
34.7768789350001,31.2222221220001,0,0
34.7773790580001,31.2225172070001,0,0
34.7800628630001,31.2239765100001,0,0
34.776953324,31.2235267400001,0,0
34.7737312080001,31.223903873,0,0
34.776232024,31.22349117,0,0
34.775003102,31.223853815,0,0
34.776803468,31.2241684300001,0,0
34.7761259550001,31.22483614,0,0
34.77580691,31.2239698930001,0,0
34.7747028630001,31.2245699160001,0,0
34.775106775,31.2249338350001,0,0
34.7754785760001,31.22533185,0,0
34.7776335140001,31.223005007,0,0
34.7780229210001,31.2233747970001,0,0
34.779593495,31.2233555070001,0,0
34.7794046970001,31.224107614,0,0
34.78076908,31.22379584,0,0
34.778594711,31.2245948,0,0
34.7773302840001,31.224660321,0,0
34.7782453520001,31.225070019,0,0
34.7788303990001,31.226028227,0,0
34.779512514,31.225334349,0,0
34.779153238,31.22490356,0,0
34.779848288,31.2247337900001,0,0
34.7782018250001,31.2259720390001,0,0
34.781329124,31.2240967500001,0,0
34.7794407490001,31.226163435,0,0
34.7800527260001,31.22628955,0,0
34.780732039,31.225579129,0,0
34.780361473,31.225216308,0,0
34.781097619,31.2250564010001,0,0
34.7742880420001,31.222040029,0,0
34.7725360430001,31.2226548250001,0,0
34.7854042380001,31.263064867,0,0
34.785848663,31.2624785400001,0,0
34.7869344490001,31.2631031870001,0,0
34.7878841570001,31.2630035600001,0,0
34.777300252,31.2616211540001,0,0
34.7785210390001,31.261727019,0,0
34.779291404,31.261098449,0,0
34.7786807950001,31.2606081550001,0,0
34.7778671130001,31.261127769,0,0
34.785019005,31.2678188510001,0,0
34.7837096480001,31.2669956610001,0,0
34.785455486,31.2640553860001,0,0
34.7779666660001,31.265674964,0,0
34.776697352,31.2651130560001,0,0
34.774819617,31.264353385,0,0
34.772087007,31.2636865590001,0,0
34.7709185350001,31.26343194,0,0
34.7732219310001,31.2632625960001,0,0
34.7737782070001,31.262290224,0,0
34.779001366,31.264086519,0,0
34.7791492100001,31.263824637,0,0
34.7746867710001,31.261537262,0,0
34.776404686,31.2620993140001,0,0
34.7800237710001,31.2618922080001,0,0
34.781825011,31.266406902,0,0
34.7819159840001,31.265739722,0,0
34.7754425540001,31.262858528,0,0
34.774545414,31.262173138,0,0
34.7845401640001,31.2663622540001,0,0
34.777187993,31.2705905500001,0,0
34.7780285310001,31.2699665440001,0,0
34.777083281,31.2697962290001,0,0
34.7782809290001,31.2695386780001,0,0
34.777479111,31.269217332,0,0
34.7765009390001,31.269798317,0,0
34.7753545910001,31.2693711310001,0,0
34.775164401,31.2682514320001,0,0
34.7728858830001,31.2673059700001,0,0
34.771769116,31.2663044290001,0,0
34.772841337,31.268377818,0,0
34.7717070090001,31.2682369520001,0,0
34.7710687090001,31.2674068540001,0,0
34.7707360960001,31.2668591440001,0,0
34.770255917,31.266555587,0,0
34.7694947750001,31.266063994,0,0
34.7705845840001,31.2655033560001,0,0
34.778949851,31.268731476,0,0
34.7779371230001,31.2681495460001,0,0
34.776910141,31.266920401,0,0
34.7779936960001,31.266277637,0,0
34.7784960230001,31.26748775,0,0
34.774646107,31.260654474,0,0
34.7755271340001,31.2601066290001,0,0
34.776766025,31.2598395110001,0,0
34.776868855,31.260415902,0,0
34.777940137,31.259893505,0,0
34.7773816430001,31.259346169,0,0
34.7791225070001,31.259758538,0,0
34.780538543,31.2596904540001,0,0
34.78859678,31.2640966860001,0,0
34.7832525160001,31.263742656,0,0
34.7857359830001,31.263479902,0,0
34.776850476,31.2610906580001,0,0
34.7813735780001,31.2634424510001,0,0
34.781933392,31.262937858,0,0
34.7811175530001,31.2626245880001,0,0
34.7814191080001,31.262084487,0,0
34.782891277,31.2619996500001,0,0
34.7811141600001,31.2610713930001,0,0
34.7820168740001,31.2624257360001,0,0
34.7830425390001,31.262948367,0,0
34.7826647430001,31.2615269670001,0,0
34.7815033,31.260767179,0,0
34.7828112600001,31.260208827,0,0
34.7878466230001,31.2625908800001,0,0
34.786088567,31.2600067380001,0,0
34.7826678700001,31.2593723950001,0,0
34.785773996,31.261989183,0,0
34.7842639460001,31.261139047,0,0
34.7826508900001,31.260903827,0,0
34.782889982,31.267659129,0,0
34.780170906,31.2692824110001,0,0
34.785027981,31.2657346720001,0,0
34.783453545,31.2655825140001,0,0
34.784121584,31.265601969,0,0
34.786593705,31.265172744,0,0
34.779247793,31.265841579,0,0
34.779335281,31.2647824200001,0,0
34.7802747330001,31.2642835400001,0,0
34.7816476830001,31.264741658,0,0
34.7815637960001,31.264112364,0,0
34.7828789120001,31.2666455570001,0,0
34.78307956,31.2660801390001,0,0
34.7832246400001,31.264528946,0,0
34.784659171,31.2646539190001,0,0
34.7855065690001,31.264593502,0,0
34.7871013070001,31.264097722,0,0
34.7800117580001,31.2684902930001,0,0
34.772421014,31.2627343120001,0,0
34.785164959,31.271740019,0,0
34.782849635,31.2709568660001,0,0
34.795785435,31.271337536,0,0
34.787169056,31.2686011540001,0,0
34.7889196420001,31.2683578,0,0
34.7884556440001,31.268956347,0,0
34.7986549020001,31.2663151580001,0,0
34.799350111,31.2668086420001,0,0
34.795270438,31.269085621,0,0
34.7972142850001,31.2709792250001,0,0
34.7978449660001,31.2711321300001,0,0
34.797951079,31.270370284,0,0
34.797952391,31.269879163,0,0
34.797362589,31.2699331900001,0,0
34.797119498,31.2701982470001,0,0
34.797341203,31.2706185110001,0,0
34.7883074370001,31.2733873510001,0,0
34.78748054,31.2729961840001,0,0
34.7874692950001,31.273625526,0,0
34.786479066,31.273772824,0,0
34.7857576970001,31.2734144120001,0,0
34.7858255720001,31.2726865400001,0,0
34.8002697090001,31.268893459,0,0
34.795816363,31.261859293,0,0
34.792590906,31.2711276810001,0,0
34.792929234,31.270717389,0,0
34.7936804390001,31.270095752,0,0
34.794291667,31.269838291,0,0
34.789551665,31.2699717690001,0,0
34.7889155030001,31.2709801550001,0,0
34.7870894700001,31.271921048,0,0
34.787916233,31.271695535,0,0
34.793813255,31.271387314,0,0
34.794921957,31.2587696210001,0,0
34.794544489,31.2592913490001,0,0
34.7945979150001,31.260072377,0,0
34.7946558960001,31.2612445930001,0,0
34.791800305,31.271915198,0,0
34.791607523,31.2726526430001,0,0
34.790381853,31.2713692740001,0,0
34.793311058,31.271970246,0,0
34.79412318,31.272274816,0,0
34.795101887,31.2725483500001,0,0
34.796440525,31.270501348,0,0
34.820401159,31.22393147,0,0
34.8187855570001,31.224214621,0,0
34.8193659020001,31.222350557,0,0
34.8191800980001,31.223362808,0,0
34.8201916570001,31.223043751,0,0
34.8201294150001,31.222154247,0,0
34.8211194450001,31.2227555970001,0,0
34.8203736460001,31.2216138370001,0,0
34.822984891,31.2215075720001,0,0
34.8228623210001,31.2205344990001,0,0
34.8238757560001,31.220239416,0,0
34.824003545,31.2210983740001,0,0
34.8141227200001,31.2200360690001,0,0
34.815373697,31.220069311,0,0
34.8168252290001,31.220374738,0,0
34.8180795600001,31.2206947440001,0,0
34.8160534300001,31.2190343190001,0,0
34.816525262,31.217664009,0,0
34.8169684700001,31.216392354,0,0
34.81752163,31.215269076,0,0
34.817298572,31.2195554200001,0,0
34.8180488670001,31.2182735420001,0,0
34.8186456,31.219990437,0,0
34.8191031280001,31.21867683,0,0
34.819509698,31.217513266,0,0
34.8200312920001,31.2160021120001,0,0
34.8193892640001,31.215492581,0,0
34.76562705,31.237373473,0,0
34.7725781840001,31.240537428,0,0
34.773935167,31.238904688,0,0
34.7719913560001,31.2391383510001,0,0
34.771940311,31.237556781,0,0
34.773025843,31.239930589,0,0
34.777365102,31.2364265690001,0,0
34.7712392940001,31.2413026150001,0,0
34.8141914820001,31.2438602760001,0,0
34.8126588480001,31.242863459,0,0
34.812668122,31.2432931330001,0,0
34.814298347,31.2434295750001,0,0
34.8196604130001,31.2481633100001,0,0
34.821221882,31.2505110760001,0,0
34.822217982,31.251981442,0,0
34.8233405450001,31.2506885170001,0,0
34.8145344110001,31.2556894210001,0,0
34.813654145,31.2571318,0,0
34.8142962530001,31.257568652,0,0
34.8136812020001,31.2578875620001,0,0
34.8123558560001,31.258088876,0,0
34.794260503,31.26608867,0,0
34.794062981,31.2708888810001,0,0
34.7886506300001,31.265899071,0,0
34.800880702,31.2661863330001,0,0
34.801320398,31.2656443560001,0,0
34.7907347670001,31.2601235610001,0,0
34.793755258,31.261168796,0,0
34.7939394730001,31.260604786,0,0
34.7892831240001,31.2650590310001,0,0
34.7901806740001,31.265389471,0,0
34.7893292430001,31.2664213420001,0,0
34.7840201340001,31.2696430350001,0,0
34.785196689,31.2692876400001,0,0
34.792452586,31.2637690870001,0,0
34.7924623220001,31.2615282670001,0,0
34.7911979560001,31.2604921920001,0,0
34.7814190610001,31.2713055630001,0,0
34.7821758850001,31.270015465,0,0
34.7830928990001,31.269177443,0,0
34.784140494,31.26858251,0,0
34.7860757500001,31.2675161350001,0,0
34.7872868380001,31.266653256,0,0
34.78841455,31.2656714780001,0,0
34.789190841,31.2644850990001,0,0
34.7891187060001,31.2631835440001,0,0
34.788883818,31.2624223980001,0,0
34.7884458030001,31.261667817,0,0
34.788231318,31.2613328250001,0,0
34.797819073,31.2620050310001,0,0
34.788044761,31.261029002,0,0
34.7878653980001,31.2607070870001,0,0
34.792868072,31.2680103100001,0,0
34.7918707330001,31.2681920210001,0,0
34.791758486,31.267215634,0,0
34.792453128,31.266370619,0,0
34.792472049,31.2647770450001,0,0
34.7930048920001,31.264115417,0,0
34.791204479,31.2639942180001,0,0
34.798712745,31.2708492470001,0,0
34.7993863200001,31.2708575290001,0,0
34.7990592680001,31.2704447,0,0
34.78725358,31.2712949580001,0,0
34.7950236250001,31.2658130200001,0,0
34.7947517370001,31.2658121530001,0,0
34.7948932480001,31.2654845430001,0,0
34.791183803,31.2637709570001,0,0
34.791189548,31.263259992,0,0
34.789985732,31.264106752,0,0
34.7895687230001,31.2633545510001,0,0
34.797779049,31.2469802460001,0,0
34.803230645,31.24749352,0,0
34.798324505,31.24682986,0,0
34.799570617,31.242446224,0,0
34.7996752440001,31.241605355,0,0
34.8002098800001,31.2409503100001,0,0
34.8000471030001,31.2449720020001,0,0
34.8000401850001,31.24649757,0,0
34.7996601400001,31.2470893400001,0,0
34.798786444,31.246806415,0,0
34.798415219,31.2481242170001,0,0
34.8023853890001,31.244544153,0,0
34.80005169,31.244388262,0,0
34.799528622,31.243554316,0,0
34.7981498950001,31.244232298,0,0
34.7971471610001,31.244034325,0,0
34.776331091,31.2687341110001,0,0
34.774458945,31.267967926,0,0
34.7745040230001,31.268995659,0,0
34.7785492960001,31.271054049,0,0
34.778636545,31.270894711,0,0
34.7748136490001,31.265842171,0,0
34.7755071710001,31.266535613,0,0
34.7768389190001,31.26597302,0,0
34.777071818,31.26579695,0,0
34.7773800080001,31.2661979,0,0
34.7759094840001,31.2653240930001,0,0
34.774143275,31.2664256310001,0,0
34.7731389240001,31.2670176020001,0,0
34.772442009,31.2665689840001,0,0
34.7732233180001,31.2656916620001,0,0
34.773550432,31.2645639080001,0,0
34.772092709,31.264857846,0,0
34.775253465,31.2670274590001,0,0
34.776755892,31.263125867,0,0
34.7756963520001,31.264652363,0,0
34.775867438,31.264312454,0,0
34.775995564,31.2640304970001,0,0
34.7750442970001,31.2637249950001,0,0
34.777321751,31.2644563220001,0,0
34.776264129,31.2640203290001,0,0
34.778077867,31.2626470970001,0,0
34.7788988930001,31.266083881,0,0
34.773940442,31.264102833,0,0
34.774426766,31.2668235840001,0,0
34.7658695050001,31.243575353,0,0
34.766570147,31.2428718460001,0,0
34.7664777030001,31.2423223530001,0,0
34.765561324,31.242449897,0,0
34.7663337610001,31.2417042330001,0,0
34.7673839560001,31.242081464,0,0
34.7658270590001,31.244438717,0,0
34.767628723,31.2447214520001,0,0
34.766930776,31.2455118500001,0,0
34.766882916,31.246173169,0,0
34.767791436,31.245829444,0,0
34.7669794930001,31.2467874380001,0,0
34.7679242040001,31.2467417730001,0,0
34.76613388,31.2467515610001,0,0
34.7675112100001,31.2475578670001,0,0
34.7681741230001,31.248457881,0,0
34.766331914,31.2479646990001,0,0
34.766074023,31.2489458700001,0,0
34.7644924700001,31.2490832510001,0,0
34.7676822920001,31.250180502,0,0
34.7683910480001,31.249624297,0,0
34.765867326,31.2498240990001,0,0
34.7666003620001,31.2498054440001,0,0
34.7667960700001,31.250273156,0,0
34.76812826,31.250805117,0,0
34.762370758,31.250287773,0,0
34.7616992310001,31.250304197,0,0
34.763604704,31.2508323340001,0,0
34.764942208,31.251561119,0,0
34.761067305,31.250714773,0,0
34.762986982,31.2505604030001,0,0
34.7620402840001,31.251271151,0,0
34.762233516,31.2519494960001,0,0
34.7615056880001,31.251836278,0,0
34.760243055,31.251000113,0,0
34.7602099960001,31.251659067,0,0
34.7634262300001,31.2519560740001,0,0
34.76491953,31.2438400200001,0,0
34.7630080750001,31.2439025780001,0,0
34.765556099,31.2438650190001,0,0
34.7657296410001,31.2454407560001,0,0
34.764165802,31.244718746,0,0
34.7650716310001,31.244919076,0,0
34.7642567990001,31.2452611460001,0,0
34.763355355,31.2464657420001,0,0
34.7614063250001,31.2471631710001,0,0
34.7635258130001,31.245504678,0,0
34.760679956,31.2432901440001,0,0
34.759619098,31.2436298270001,0,0
34.7590084920001,31.2445212110001,0,0
34.762050732,31.24321402,0,0
34.7629904030001,31.236068877,0,0
34.7646478200001,31.2362173170001,0,0
34.76555498,31.2364198550001,0,0
34.765646684,31.2373630390001,0,0
34.761884643,31.2443353310001,0,0
34.7626024640001,31.2447240870001,0,0
34.76071805,31.244781586,0,0
34.761958071,31.2455179470001,0,0
34.7615695270001,31.2461908560001,0,0
34.760153206,31.2457651170001,0,0
34.759734189,31.2454426030001,0,0
34.7608013610001,31.2438563920001,0,0
34.7601313860001,31.24472394,0,0
34.759355482,31.244844743,0,0
34.758555416,31.245619768,0,0
34.758698849,31.246754723,0,0
34.759272389,31.246447528,0,0
34.760520005,31.2467743930001,0,0
34.760769162,31.2474278660001,0,0
34.7605341670001,31.2480174400001,0,0
34.7577868070001,31.246649615,0,0
34.759264779,31.247424397,0,0
34.7588690910001,31.2476523620001,0,0
34.757876358,31.247589551,0,0
34.7592049570001,31.248144258,0,0
34.757132106,31.2490193290001,0,0
34.758354486,31.248424792,0,0
34.757057656,31.247806457,0,0
34.7567972800001,31.2484619520001,0,0
34.756321841,31.2488780190001,0,0
34.7955490860001,31.271940398,0,0
34.787941174,31.270204391,0,0
34.795215576,31.2651513180001,0,0
34.7954469410001,31.2679486750001,0,0
34.796983932,31.262680549,0,0
34.7968470010001,31.263720775,0,0
34.7962564170001,31.2701977670001,0,0
34.7940952020001,31.2623020180001,0,0
34.793636882,31.263587246,0,0
34.7936426570001,31.2644536170001,0,0
34.7980604050001,31.2633124600001,0,0
34.7980502890001,31.263928854,0,0
34.7980359420001,31.2647578240001,0,0
34.7980227150001,31.26552207,0,0
34.798006736,31.2664968460001,0,0
34.7979912930001,31.267254644,0,0
34.7979792360001,31.268021886,0,0
34.7979600780001,31.268964209,0,0
34.793335977,31.2693860540001,0,0
34.796185327,31.260590478,0,0
34.795252013,31.2607074850001,0,0
34.7962750030001,31.2613506880001,0,0
34.795317379,31.261274831,0,0
34.7958297230001,31.2625799470001,0,0
34.7957759930001,31.2635890060001,0,0
34.7951038190001,31.26316303,0,0
34.7939540310001,31.2628413150001,0,0
34.7942448100001,31.26859969,0,0
34.7914869620001,31.2593308730001,0,0
34.7910723860001,31.2589241090001,0,0
34.7991237310001,31.249161438,0,0
34.8023832040001,31.248228028,0,0
34.800819018,31.2470463880001,0,0
34.7977162400001,31.2450314880001,0,0
34.801256874,31.244789612,0,0
34.8004320220001,31.2456235330001,0,0
34.798271979,31.243096463,0,0
34.7989159,31.245725781,0,0
34.7972542,31.245225653,0,0
34.7963336920001,31.243870422,0,0
34.795573394,31.243320516,0,0
34.795264489,31.242840583,0,0
34.801635758,31.2487763830001,0,0
34.8046130880001,31.2450117180001,0,0
34.821071046,31.2252369500001,0,0
34.8088846260001,31.2179459160001,0,0
34.809062597,31.2169063210001,0,0
34.809186,31.216196257,0,0
34.8093521230001,31.215226413,0,0
34.809490764,31.214416397,0,0
34.8078877300001,31.213566825,0,0
34.809514112,31.2135590400001,0,0
34.8108263280001,31.213555731,0,0
34.811899291,31.213547614,0,0
34.814153005,31.2135398840001,0,0
34.810303225,31.2153953,0,0
34.811432274,31.2153843150001,0,0
34.813542152,31.215377388,0,0
34.8147270160001,31.215382737,0,0
34.810117615,31.217200872,0,0
34.8113793630001,31.2171952590001,0,0
34.8124028570001,31.217194121,0,0
34.813568532,31.2171862590001,0,0
34.8147033980001,31.2172371560001,0,0
34.8100359090001,31.218104069,0,0
34.8112895880001,31.2180986170001,0,0
34.8127858770001,31.2144424540001,0,0
34.812749152,31.215236014,0,0
34.8126017280001,31.217933035,0,0
34.8107869620001,31.228243493,0,0
34.811911176,31.228102392,0,0
34.8126228460001,31.227936393,0,0
34.8106619010001,31.2257662280001,0,0
34.8114679810001,31.225589965,0,0
34.8121231760001,31.22544643,0,0
34.812833803,31.2252899870001,0,0
34.808961009,31.2261401980001,0,0
34.8083246800001,31.226271984,0,0
34.8075290090001,31.226447039,0,0
34.806915921,31.226576413,0,0
34.8097605350001,31.2247983820001,0,0
34.810458925,31.224727595,0,0
34.8105316990001,31.2247189490001,0,0
34.8105436760001,31.223642522,0,0
34.809683181,31.2226651560001,0,0
34.8060021900001,31.226825811,0,0
34.809788107,31.22372219,0,0
34.811425969,31.2216309410001,0,0
34.8107210090001,31.2216332350001,0,0
34.8100036640001,31.2217042240001,0,0
34.8111308520001,31.2225085310001,0,0
34.8116362860001,31.223045831,0,0
34.811186295,31.223569319,0,0
34.8118127050001,31.224405206,0,0
34.811499821,31.224614065,0,0
34.811830812,31.22496965,0,0
34.8092870520001,31.2260768890001,0,0
34.8097237050001,31.2204181650001,0,0
34.8074088130001,31.220501574,0,0
34.816238136,31.2145646760001,0,0
34.816104259,31.2153505630001,0,0
34.806673678,31.213374763,0,0
34.815986765,31.2136723510001,0,0
34.8150710840001,31.215461399,0,0
34.8220472400001,31.222028778,0,0
34.822897019,31.2224420650001,0,0
34.8221398100001,31.2229286990001,0,0
34.8235421570001,31.2226686610001,0,0
34.822095674,31.2235046480001,0,0
34.805537116,31.2203493710001,0,0
34.806508611,31.220734142,0,0
34.807310612,31.2207976760001,0,0
34.809140891,31.220799657,0,0
34.8153577730001,31.213488743,0,0
34.8166624080001,31.214115389,0,0
34.81721364,31.214492857,0,0
34.81645731,31.226229243,0,0
34.8164180250001,31.225431176,0,0
34.813649119,31.2251472140001,0,0
34.815036702,31.224903215,0,0
34.8164306350001,31.224659246,0,0
34.8179759560001,31.224365451,0,0
34.814257922,31.224161741,0,0
34.8148378240001,31.222383834,0,0
34.816228215,31.222739803,0,0
34.8171512260001,31.2239534020001,0,0
34.816120524,31.2236219280001,0,0
34.8150135930001,31.223339368,0,0
34.813784421,31.2226684830001,0,0
34.813620282,31.2212393300001,0,0
34.8151412890001,31.2213682290001,0,0
34.817146564,31.221883387,0,0
34.817657495,31.2228230600001,0,0
34.818186315,31.2213044920001,0,0
34.812907712,31.220023874,0,0
34.7728776530001,31.238388915,0,0
34.7712111500001,31.2368357990001,0,0
34.774463618,31.2369124190001,0,0
34.774719497,31.234565129,0,0
34.7759669970001,31.2350654900001,0,0
34.7762122830001,31.2377730900001,0,0
34.7758272240001,31.236809495,0,0
34.7751966490001,31.2361658340001,0,0
34.774503667,31.235998195,0,0
34.7728347140001,31.236624154,0,0
34.7740663810001,31.2350220100001,0,0
34.7756862,31.239539332,0,0
34.774792534,31.2395340360001,0,0
34.775909203,31.240374978,0,0
34.7755204170001,31.238001947,0,0
34.77572774,31.23888857,0,0
34.777012787,31.239597319,0,0
34.7777478240001,31.239778087,0,0
34.7782979190001,31.23934803,0,0
34.778193431,31.238886322,0,0
34.777751649,31.238497281,0,0
34.7777215420001,31.237939096,0,0
34.7742767770001,31.23742601,0,0
34.7747451070001,31.23723463,0,0
34.7759324950001,31.2374747750001,0,0
34.776771389,31.2367883680001,0,0
34.7686646280001,31.2378924330001,0,0
34.770433091,31.2379531600001,0,0
34.770244775,31.2386996020001,0,0
34.769585519,31.2382541710001,0,0
34.7704028810001,31.2372418910001,0,0
34.7686552380001,31.2387520240001,0,0
34.7680290600001,31.240084396,0,0
34.769074673,31.2395955210001,0,0
34.7689242280001,31.240717451,0,0
34.769837389,31.240257661,0,0
34.771225515,31.240390027,0,0
34.7732632350001,31.240985734,0,0
34.775399963,31.2413044890001,0,0
34.774333692,31.24092004,0,0
34.7741838490001,31.2413809710001,0,0
34.7778226390001,31.2426080710001,0,0
34.7798563750001,31.240085573,0,0
34.780429177,31.2389073410001,0,0
34.779878787,31.2381138740001,0,0
34.7789541280001,31.238691804,0,0
34.779407179,31.2377971830001,0,0
34.7804101570001,31.2375205930001,0,0
34.778862007,31.2375784330001,0,0
34.778949448,31.2366543740001,0,0
34.7794660490001,31.2369763630001,0,0
34.7783050100001,31.237142153,0,0
34.7781526650001,31.2381546440001,0,0
34.7777431050001,31.2372743720001,0,0
34.779769151,31.235880437,0,0
34.7786434180001,31.2361936180001,0,0
34.7766481150001,31.236605442,0,0
34.769949146,31.235804365,0,0
34.768303883,31.234793242,0,0
34.767075886,31.23430885,0,0
34.7669719670001,31.2350627980001,0,0
34.7673035610001,31.236419809,0,0
34.7662079830001,31.235508876,0,0
34.767611646,31.2384025430001,0,0
34.7665990520001,31.237606864,0,0
34.7672939330001,31.2393709630001,0,0
34.7814585140001,31.245053623,0,0
34.7798179640001,31.2434771280001,0,0
34.7773709310001,31.24273069,0,0
34.7767223230001,31.242513515,0,0
34.7740513300001,31.2408032330001,0,0
34.7685330090001,31.2412609990001,0,0
34.762879538,31.2381892010001,0,0
34.7662083490001,31.2384961810001,0,0
34.765485735,31.238337491,0,0
34.7646437080001,31.238029236,0,0
34.766565719,31.2395965420001,0,0
34.7666536040001,31.2407364470001,0,0
34.764275459,31.238941509,0,0
34.762888908,31.239145589,0,0
34.763542172,31.240092873,0,0
34.7651830660001,31.2403646710001,0,0
34.76418964,31.2403366670001,0,0
34.7663714760001,31.240409377,0,0
34.764384148,31.2346278100001,0,0
34.7634193480001,31.234411493,0,0
34.7646495330001,31.2362152330001,0,0
34.762261005,31.2341169810001,0,0
34.762198416,31.2307419970001,0,0
34.7628239750001,31.232233523,0,0
34.7616259260001,31.232371388,0,0
34.764063902,31.23251186,0,0
34.762383159,31.2316973420001,0,0
34.763217895,31.231418702,0,0
34.764793292,31.231033251,0,0
34.764188179,31.230523707,0,0
34.764363765,31.229787985,0,0
34.7642841420001,31.2315272220001,0,0
34.76506977,31.2316619960001,0,0
34.766343681,31.230993094,0,0
34.764737482,31.2248891020001,0,0
34.763876026,31.2263354450001,0,0
34.7644530540001,31.2273187320001,0,0
34.7640983150001,31.223804285,0,0
34.7624737850001,31.226683904,0,0
34.76380311,31.2249932560001,0,0
34.7647181140001,31.226012165,0,0
34.765464808,31.2264629320001,0,0
34.762997677,31.22805069,0,0
34.76373912,31.227694102,0,0
34.7667279140001,31.2257704630001,0,0
34.766264705,31.226898041,0,0
34.7652459540001,31.2276270510001,0,0
34.7652939880001,31.228748651,0,0
34.765594831,31.229815102,0,0
34.7701427370001,31.2317573550001,0,0
34.7691532,31.2316013560001,0,0
34.7682581650001,31.231657091,0,0
34.766295546,31.2294468630001,0,0
34.766184803,31.228381165,0,0
34.766948486,31.2283302820001,0,0
34.767006091,31.229700657,0,0
34.7676766330001,31.22792753,0,0
34.767899872,31.229297565,0,0
34.767562378,31.2318316380001,0,0
34.767134836,31.231372331,0,0
34.7674480470001,31.2306626920001,0,0
34.7686103780001,31.2297662620001,0,0
34.768561232,31.2267081750001,0,0
34.768771637,31.2284755470001,0,0
34.77123333,31.228716466,0,0
34.7697732570001,31.227827706,0,0
34.769510907,31.229240523,0,0
34.770333898,31.229418815,0,0
34.768695419,31.230538133,0,0
34.7699388610001,31.2306525540001,0,0
34.771035012,31.230982113,0,0
34.772477204,31.230623227,0,0
34.771627601,31.229671382,0,0
34.772387618,31.2314658490001,0,0
34.771233093,31.231781735,0,0
34.772055945,31.2324763230001,0,0
34.773705696,31.2337165750001,0,0
34.7640258640001,31.2366712960001,0,0
34.764260151,31.2357382910001,0,0
34.76275516,31.2365198530001,0,0
34.7620594740001,31.2358255240001,0,0
34.811239835,31.248270636,0,0
34.8136787490001,31.2434595760001,0,0
34.8071390630001,31.2441334920001,0,0
34.8029845240001,31.2428655470001,0,0
34.8020195350001,31.244231934,0,0
34.810751398,31.2447050320001,0,0
34.81132215,31.2450707570001,0,0
34.8117379380001,31.244755002,0,0
34.815957638,31.2520653330001,0,0
34.810119204,31.259638685,0,0
34.8109048520001,31.246221157,0,0
34.8088808810001,31.246436288,0,0
34.808445498,31.245816463,0,0
34.8077630440001,31.2452727530001,0,0
34.8074514910001,31.2447423140001,0,0
34.761672317,31.232365477,0,0
34.8038372290001,31.2814851480001,0,0
34.8042311580001,31.2816772730001,0,0
34.80377337,31.281798144,0,0
34.8108303600001,31.2588622660001,0,0
34.811565875,31.257533145,0,0
34.8107302270001,31.256549824,0,0
34.8116852570001,31.256022369,0,0
34.808753301,31.2585720810001,0,0
34.809150005,31.259315348,0,0
34.8077438290001,31.2588076980001,0,0
34.8066551050001,31.2576285370001,0,0
34.806510573,31.256871361,0,0
34.806794397,31.2562918140001,0,0
34.805662775,31.256066875,0,0
34.80566279,31.2590757460001,0,0
34.809989859,31.259791019,0,0
34.8090953810001,31.2603689430001,0,0
34.808196783,31.26066981,0,0
34.806299455,31.2607815160001,0,0
34.8071455100001,31.2607465240001,0,0
34.8049366560001,31.2559955880001,0,0
34.8054737160001,31.257112299,0,0
34.8054728220001,31.2571332580001,0,0
34.803740116,31.2559932030001,0,0
34.8032796960001,31.256876155,0,0
34.802797904,31.255931467,0,0
34.802605371,31.2565005640001,0,0
34.8048012400001,31.2456499800001,0,0
34.805624708,31.245617381,0,0
34.806575879,31.2459876400001,0,0
34.8075113400001,31.2463785150001,0,0
34.808285126,31.2468693390001,0,0
34.8090056350001,31.2475185960001,0,0
34.8099492060001,31.249100862,0,0
34.810335503,31.249940957,0,0
34.8106839,31.250699717,0,0
34.811088328,31.2515277430001,0,0
34.8116702140001,31.2522467650001,0,0
34.8124835780001,31.2528385630001,0,0
34.810478758,31.2523642840001,0,0
34.81081471,31.2536680010001,0,0
34.811160391,31.253872404,0,0
34.8112360370001,31.25469759,0,0
34.8118455100001,31.2548879570001,0,0
34.8119393700001,31.2550586140001,0,0
34.811924262,31.2550615820001,0,0
34.811691124,31.2550814480001,0,0
34.811558819,31.2550913470001,0,0
34.810079375,31.253873834,0,0
34.80628577,31.253134233,0,0
34.806528391,31.2533193960001,0,0
34.807618543,31.2524856320001,0,0
34.8074035400001,31.253137479,0,0
34.8074533610001,31.253874796,0,0
34.8065639810001,31.2546542470001,0,0
34.808998065,31.2553630940001,0,0
34.813526906,31.254816222,0,0
34.8132390370001,31.2553561140001,0,0
34.8068236510001,31.253697452,0,0
34.8063961070001,31.2541495080001,0,0
34.8059459770001,31.2549439740001,0,0
34.8062763830001,31.2543063160001,0,0
34.803597117,31.255304247,0,0
34.8018954940001,31.253846916,0,0
34.8078451690001,31.2491735360001,0,0
34.8089953410001,31.251519821,0,0
34.802120718,31.2500700780001,0,0
34.8033720880001,31.2515897440001,0,0
34.803929226,31.252155144,0,0
34.803544758,31.251862316,0,0
34.8025053920001,31.250632787,0,0
34.802496069,31.250624723,0,0
34.802485763,31.2506162340001,0,0
34.801338909,31.250191048,0,0
34.8017312490001,31.25126942,0,0
34.7991376850001,31.250921584,0,0
34.8085378820001,31.2521108600001,0,0
34.802321754,31.283980704,0,0
34.802050024,31.2836914710001,0,0
34.802056797,31.2836956040001,0,0
34.8025257050001,31.2431766440001,0,0
34.80271172,31.243351934,0,0
34.76992376,31.2503710460001,0,0
34.7700135320001,31.2500262680001,0,0
34.800582994,31.28493508,0,0
34.8007591210001,31.284580041,0,0
34.800960692,31.284696136,0,0
34.7961026560001,31.231679007,0,0
34.796635592,31.2313578980001,0,0
34.795119205,31.230325878,0,0
34.796678086,31.2306833980001,0,0
34.796925425,31.230932845,0,0
34.7969513940001,31.2298780510001,0,0
34.7942618660001,31.2345923180001,0,0
34.792985286,31.232080733,0,0
34.7911157730001,31.232237577,0,0
34.791189332,31.2333014120001,0,0
34.792645393,31.2334858880001,0,0
34.794526428,31.2317196770001,0,0
34.794023506,31.233324795,0,0
34.793758747,31.2339438860001,0,0
34.791692454,31.229489679,0,0
34.793474507,31.2295297210001,0,0
34.7947781830001,31.2289958150001,0,0
34.793009984,31.2286675620001,0,0
34.7914716970001,31.2286412080001,0,0
34.7872897610001,31.228892919,0,0
34.787661143,31.229432983,0,0
34.7897257860001,31.229140832,0,0
34.786130744,31.230536747,0,0
34.784111093,31.231660564,0,0
34.7854897400001,31.232283776,0,0
34.7854853540001,31.2308871,0,0
34.784444385,31.2302746980001,0,0
34.7841081130001,31.2297773820001,0,0
34.782095054,31.2303666120001,0,0
34.783818325,31.231126552,0,0
34.7832753160001,31.2306663640001,0,0
34.7824578770001,31.2314385990001,0,0
34.781383583,31.23110755,0,0
34.781857899,31.2310287820001,0,0
34.781827757,31.2321527610001,0,0
34.779393858,31.2293064450001,0,0
34.7784230840001,31.2288396600001,0,0
34.7810968310001,31.2297991080001,0,0
34.7798135670001,31.229988346,0,0
34.777603126,31.231025812,0,0
34.777529326,31.232084038,0,0
34.7804471950001,31.2317253470001,0,0
34.7796903290001,31.23173002,0,0
34.7781805170001,31.231711945,0,0
34.7779714710001,31.2327449270001,0,0
34.779704085,31.2331143480001,0,0
34.778640051,31.233217488,0,0
34.7807410710001,31.233222273,0,0
34.7783985570001,31.2329762840001,0,0
34.7789298880001,31.2317311460001,0,0
34.779624718,31.2329749210001,0,0
34.7807508820001,31.2329878190001,0,0
34.780790589,31.230394812,0,0
34.779532804,31.230391802,0,0
34.7811989680001,31.2317282540001,0,0
34.8181120150001,31.250146607,0,0
34.819789615,31.2520178280001,0,0
34.81487774,31.2532361290001,0,0
34.815945275,31.252030818,0,0
34.8181769080001,31.2518759180001,0,0
34.819308936,31.253959879,0,0
34.8196194110001,31.2542809500001,0,0
34.818549966,31.2543429770001,0,0
34.819130231,31.2546957210001,0,0
34.818760507,31.2549908980001,0,0
34.8189350800001,31.2526680170001,0,0
34.818462202,31.25295077,0,0
34.8177107220001,31.252177182,0,0
34.8169555540001,31.2528122250001,0,0
34.817992195,31.255127648,0,0
34.818280096,31.255067029,0,0
34.8172899240001,31.2544004210001,0,0
34.8172231120001,31.2538687640001,0,0
34.8152840710001,31.254744316,0,0
34.8157167360001,31.2548954600001,0,0
34.8164033780001,31.2551431420001,0,0
34.814581332,31.255996383,0,0
34.8143308570001,31.256058608,0,0
34.8143171190001,31.2564428420001,0,0
34.814054405,31.2565308550001,0,0
34.813908457,31.257152263,0,0
34.813757159,31.2570393300001,0,0
34.8180261470001,31.2555903590001,0,0
34.815779322,31.256838934,0,0
34.8150843670001,31.257184308,0,0
34.8150039670001,31.2572849580001,0,0
34.814261308,31.257579311,0,0
34.8134328580001,31.257794372,0,0
34.8142786240001,31.257567421,0,0
34.81309128,31.2581420230001,0,0
34.7558975530001,31.2614252020001,0,0
34.756404289,31.260885773,0,0
34.759219671,31.260605345,0,0
34.7592768710001,31.2609870650001,0,0
34.759267117,31.2609691010001,0,0
34.7589923900001,31.2602801740001,0,0
34.7573348990001,31.260228655,0,0
34.7557267330001,31.2620544710001,0,0
34.7564775270001,31.2623712290001,0,0
34.7580901220001,31.2606757240001,0,0
34.7578330010001,31.261484136,0,0
34.756717017,31.2618630320001,0,0
34.75718362,31.2612578710001,0,0
34.7589133390001,31.258837838,0,0
34.758409821,31.259686022,0,0
34.808130168,31.244042516,0,0
34.8069833500001,31.2441612380001,0,0
34.8097012040001,31.24393058,0,0
34.813684278,31.2461236460001,0,0
34.819022857,31.2485023620001,0,0
34.8192625340001,31.248636956,0,0
34.8133005550001,31.251589444,0,0
34.809582612,31.2452969650001,0,0
34.809458518,31.243980504,0,0
34.8104634330001,31.244550906,0,0
34.8114273900001,31.2451307440001,0,0
34.812657341,31.245931027,0,0
34.8105013150001,31.2460207840001,0,0
34.809316106,31.245396289,0,0
34.8086364690001,31.24478098,0,0
34.8083802680001,31.2448025480001,0,0
34.812664377,31.252158868,0,0
34.811132252,31.2475793610001,0,0
34.811127931,31.2475994340001,0,0
34.811194077,31.2464538880001,0,0
34.8111185120001,31.246703251,0,0
34.810926479,31.2480649410001,0,0
34.8096757690001,31.2468740350001,0,0
34.80776938,31.245270523,0,0
34.8084349700001,31.24581548,0,0
34.808463789,31.246058141,0,0
34.8088693350001,31.2464252350001,0,0
34.8088649100001,31.244873538,0,0
34.8090315320001,31.244428053,0,0
34.8165116320001,31.248380496,0,0
34.816761286,31.248518114,0,0
34.817818215,31.2493021780001,0,0
34.811189756,31.2464739600001,0,0
34.811270699,31.2481568800001,0,0
34.811286727,31.248479144,0,0
34.81133075,31.248913584,0,0
34.792932493,31.2514374530001,0,0
34.792717736,31.250870521,0,0
34.7927320950001,31.250890391,0,0
34.8025055840001,31.28440492,0,0
34.80250877,31.284402524,0,0
34.8021349690001,31.2847826600001,0,0
34.802138443,31.284785383,0,0
34.822822139,31.2515348590001,0,0
34.8233225070001,31.2497765430001,0,0
34.811859946,31.244408465,0,0
34.8122191690001,31.2429130720001,0,0
34.8122105320001,31.2430338660001,0,0
34.812030313,31.2447040640001,0,0
34.8121017080001,31.243580444,0,0
34.810942664,31.2443405180001,0,0
34.805744428,31.2443443120001,0,0
34.8132326840001,31.245646595,0,0
34.815928351,31.2473381450001,0,0
34.823322897,31.249073326,0,0
34.823351218,31.250626659,0,0
34.8232495230001,31.2513160010001,0,0
34.8228066250001,31.249166152,0,0
34.821995567,31.249832434,0,0
34.821577448,31.250213278,0,0
34.8212240460001,31.2505126470001,0,0
34.8220879690001,31.2515631090001,0,0
34.822050152,31.2515280590001,0,0
34.823173571,31.252920455,0,0
34.82300883,31.2527870120001,0,0
34.8225512490001,31.2523064310001,0,0
34.8222257240001,31.251961586,0,0
34.821962075,31.2517178360001,0,0
34.821654632,31.251375766,0,0
34.8126484270001,31.2428470150001,0,0
34.8121160260001,31.2435325060001,0,0
34.8123064490001,31.243908854,0,0
34.805861227,31.2433234980001,0,0
34.8023889300001,31.253017363,0,0
34.805871052,31.2577450050001,0,0
34.7671614,31.2560747590001,0,0
34.768267026,31.25765389,0,0
34.7676527690001,31.256890777,0,0
34.770049682,31.259126199,0,0
34.769405485,31.258645551,0,0
34.80508115,31.246978557,0,0
34.805661307,31.246932326,0,0
34.7930291060001,31.2593070820001,0,0
34.787431299,31.2359975700001,0,0
34.7849284270001,31.2339113510001,0,0
34.7847787440001,31.2345801110001,0,0
34.7854231750001,31.235730307,0,0
34.786398202,31.2440544900001,0,0
34.7859681830001,31.2438445880001,0,0
34.782311415,31.243593192,0,0
34.781967965,31.244246349,0,0
34.782988388,31.2449008500001,0,0
34.782730692,31.2451378690001,0,0
34.7844735460001,31.2437554380001,0,0
34.7855223130001,31.2436251880001,0,0
34.784900011,31.2441879670001,0,0
34.7849541190001,31.243784786,0,0
34.7840082320001,31.2444403490001,0,0
34.784596622,31.2448920940001,0,0
34.783974164,31.245111196,0,0
34.785866954,31.2456453820001,0,0
34.784102761,31.2455157750001,0,0
34.7849639040001,31.245852599,0,0
34.7834334790001,31.246155448,0,0
34.784377862,31.2459748220001,0,0
34.7875602920001,31.2434439740001,0,0
34.788090045,31.2432482360001,0,0
34.787410639,31.242799878,0,0
34.787793562,31.242635524,0,0
34.7872903270001,31.245414515,0,0
34.7878955400001,31.2452382210001,0,0
34.7881418320001,31.245179852,0,0
34.789029081,31.2449735650001,0,0
34.7884869920001,31.244663089,0,0
34.788618179,31.2443723960001,0,0
34.7879350760001,31.2444588180001,0,0
34.7864993090001,31.2446116510001,0,0
34.785999325,31.245129895,0,0
34.7863680240001,31.241081143,0,0
34.7840638920001,31.2408762740001,0,0
34.7843057520001,31.2419134790001,0,0
34.785622849,31.241374889,0,0
34.7853774970001,31.241376772,0,0
34.7834479260001,31.2427240490001,0,0
34.783650761,31.2429120100001,0,0
34.7871070690001,31.2423586900001,0,0
34.786339368,31.242837766,0,0
34.784886988,31.2418970790001,0,0
34.7827859500001,31.2439228310001,0,0
34.7873260970001,31.242175069,0,0
34.7795213150001,31.2426038460001,0,0
34.781467358,31.242778451,0,0
34.7803988040001,31.243130106,0,0
34.7807797880001,31.243013525,0,0
34.781959531,31.241069619,0,0
34.778496067,31.241456482,0,0
34.7792891730001,31.2426206920001,0,0
34.778901911,31.2420660880001,0,0
34.7788700720001,31.242669775,0,0
34.779858448,31.2400616370001,0,0
34.77917381,31.24110476,0,0
34.779603954,31.240592873,0,0
34.778761063,31.240556767,0,0
34.7784527630001,31.2402470150001,0,0
34.7823239740001,31.2346345600001,0,0
34.7835983960001,31.2342924120001,0,0
34.7833479650001,31.2350577290001,0,0
34.7811969580001,31.235478276,0,0
34.780639437,31.2356392450001,0,0
34.7809710070001,31.2369219230001,0,0
34.784006221,31.2353951640001,0,0
34.783644184,31.236174571,0,0
34.7834466840001,31.2369359520001,0,0
34.782214643,31.2370697590001,0,0
34.7818062590001,31.238033837,0,0
34.7812770840001,31.2389565130001,0,0
34.781161379,31.239902713,0,0
34.784568521,31.2405449680001,0,0
34.7826341620001,31.238195315,0,0
34.7837053160001,31.2391492460001,0,0
34.7834885460001,31.238673959,0,0
34.7838770600001,31.238678072,0,0
34.7845075550001,31.2379537950001,0,0
34.784721636,31.2376480830001,0,0
34.7844455090001,31.239131462,0,0
34.78468637,31.2393514230001,0,0
34.7851944650001,31.2401149090001,0,0
34.769089514,31.2409081480001,0,0
34.780890818,31.251410488,0,0
34.8231398790001,31.2593859610001,0,0
34.8223856070001,31.2599249780001,0,0
34.8215486140001,31.260522597,0,0
34.8208454580001,31.2610230720001,0,0
34.820029909,31.261604817,0,0
34.819227352,31.2621758080001,0,0
34.8184613770001,31.26271925,0,0
34.8161105680001,31.2645155060001,0,0
34.8173584990001,31.2635020970001,0,0
34.8232623600001,31.2585310800001,0,0
34.815255075,31.2668682710001,0,0
34.8069705610001,31.2889907310001,0,0
34.7982087880001,31.2876288190001,0,0
34.8077502470001,31.288561993,0,0
34.8163195070001,31.2731687460001,0,0
34.812837153,31.2718335500001,0,0
34.8156554440001,31.2727130690001,0,0
34.815896944,31.273877068,0,0
34.8132345670001,31.2726708660001,0,0
34.812793082,31.2710309450001,0,0
34.81191642,31.2710584110001,0,0
34.8112035180001,31.26977415,0,0
34.81418211,31.270256762,0,0
34.8148391460001,31.270627754,0,0
34.814672065,31.268722531,0,0
34.8155181240001,31.2652606030001,0,0
34.813755787,31.269853475,0,0
34.8129750210001,31.269762707,0,0
34.813657092,31.268903558,0,0
34.8155584130001,31.2676022470001,0,0
34.815296674,31.269014057,0,0
34.8161549280001,31.267859834,0,0
34.8158932750001,31.269174159,0,0
34.816670173,31.268248252,0,0
34.8115485640001,31.275874188,0,0
34.812893575,31.274947905,0,0
34.8115815310001,31.275258557,0,0
34.8118325730001,31.2745918540001,0,0
34.8130778190001,31.274274255,0,0
34.8141540550001,31.274600591,0,0
34.8139860210001,31.2752746950001,0,0
34.81294566,31.275519505,0,0
34.8131083930001,31.2735904030001,0,0
34.811701794,31.2733325950001,0,0
34.8113921190001,31.273971552,0,0
34.8108783540001,31.274718165,0,0
34.8111543470001,31.2735245750001,0,0
34.8109803410001,31.2764097030001,0,0
34.8085550170001,31.277011536,0,0
34.810172621,31.27686828,0,0
34.8107975620001,31.2771627590001,0,0
34.809604715,31.277547772,0,0
34.8083190470001,31.2775752320001,0,0
34.8109358900001,31.272652889,0,0
34.810202465,31.273570991,0,0
34.8095138250001,31.2744279980001,0,0
34.808664761,31.275488706,0,0
34.8094555340001,31.275671404,0,0
34.808458369,31.276253051,0,0
34.807229201,31.2769112920001,0,0
34.811581747,31.2692661780001,0,0
34.810758279,31.26907906,0,0
34.8091238170001,31.265997602,0,0
34.808773391,31.2654777280001,0,0
34.8082809320001,31.2649641620001,0,0
34.8090275490001,31.265182275,0,0
34.809745799,31.2653443310001,0,0
34.810009828,31.266157988,0,0
34.8103168390001,31.265707191,0,0
34.8113584610001,31.2657653050001,0,0
34.810848547,31.2661268960001,0,0
34.8104200380001,31.2665010320001,0,0
34.809461421,31.2666735510001,0,0
34.809995691,31.2673441760001,0,0
34.809899854,31.2676872760001,0,0
34.8101258400001,31.2682273730001,0,0
34.8110820680001,31.268241205,0,0
34.810580697,31.26720885,0,0
34.811017662,31.2673634720001,0,0
34.811592187,31.267800611,0,0
34.8119842360001,31.2671626470001,0,0
34.811575616,31.2661351510001,0,0
34.8124140050001,31.266671629,0,0
34.8130750980001,31.2663384470001,0,0
34.813667149,31.2666838490001,0,0
34.813259337,31.267178383,0,0
34.812460844,31.267806299,0,0
34.8123821510001,31.268267881,0,0
34.8119894590001,31.2687767210001,0,0
34.8142333760001,31.2716019710001,0,0
34.8107064180001,31.2698773660001,0,0
34.805510725,31.2727991690001,0,0
34.806318478,31.2738877130001,0,0
34.8045053820001,31.275349664,0,0
34.804669683,31.276369017,0,0
34.8039362960001,31.2761886500001,0,0
34.8053100320001,31.2761602960001,0,0
34.802611305,31.272533519,0,0
34.8014652360001,31.2719826690001,0,0
34.8008201600001,31.27296763,0,0
34.801965076,31.273492618,0,0
34.802548132,31.275963351,0,0
34.8019013840001,31.275232653,0,0
34.801398497,31.2744485910001,0,0
34.80065281,31.274468687,0,0
34.8023046690001,31.2737841320001,0,0
34.802814706,31.2734363450001,0,0
34.8032799210001,31.2731072660001,0,0
34.803326811,31.274956441,0,0
34.8044723200001,31.274454469,0,0
34.8039272720001,31.2738866330001,0,0
34.807382214,31.274414361,0,0
34.8057180320001,31.275896736,0,0
34.8053956790001,31.27553785,0,0
34.806160694,31.274946991,0,0
34.8057893160001,31.2744333310001,0,0
34.8049783490001,31.2750706320001,0,0
34.8038283020001,31.274632851,0,0
34.8074640080001,31.271716552,0,0
34.8086393990001,31.270989898,0,0
34.809005965,31.2701776920001,0,0
34.80847973,31.272077284,0,0
34.8083788430001,31.27135997,0,0
34.807904294,31.2718174870001,0,0
34.8069393420001,31.2731210580001,0,0
34.8075591410001,31.2723442560001,0,0
34.8081143650001,31.272645391,0,0
34.807512693,31.2729590530001,0,0
34.807989306,31.273712167,0,0
34.8071861170001,31.273740827,0,0
34.808537012,31.273024933,0,0
34.8067862360001,31.2751928550001,0,0
34.8062004070001,31.2745810270001,0,0
34.8066786690001,31.274431774,0,0
34.806293171,31.273203295,0,0
34.8054964780001,31.2739316620001,0,0
34.80658333,31.2719312030001,0,0
34.806120338,31.272368934,0,0
34.8055243050001,31.27149365,0,0
34.80421489,31.270910449,0,0
34.804083903,31.2715167320001,0,0
34.8052284840001,31.271984182,0,0
34.8046033790001,31.2721503600001,0,0
34.8039043410001,31.2720647890001,0,0
34.803401062,31.271313363,0,0
34.803072398,31.271889753,0,0
34.8081662370001,31.2682296730001,0,0
34.808058013,31.2676056600001,0,0
34.8067261800001,31.2691424060001,0,0
34.807450036,31.2708220330001,0,0
34.8066579630001,31.2697806080001,0,0
34.806871304,31.270284325,0,0
34.807064478,31.269939858,0,0
34.804817014,31.269792115,0,0
34.8049887110001,31.270629926,0,0
34.805707404,31.2703157720001,0,0
34.8046737870001,31.269202858,0,0
34.8053289480001,31.269354251,0,0
34.80534892,31.2685762520001,0,0
34.80840822,31.2688178430001,0,0
34.8062702780001,31.2681816950001,0,0
34.821446886,31.2780340420001,0,0
34.821030842,31.2783940300001,0,0
34.820779487,31.277369359,0,0
34.819972932,31.277636108,0,0
34.820739438,31.277842999,0,0
34.821460593,31.2768536940001,0,0
34.8207767980001,31.2769161850001,0,0
34.8190246670001,31.2771012220001,0,0
34.8178871330001,31.275062485,0,0
34.8160660340001,31.275075244,0,0
34.817353875,31.2761423160001,0,0
34.816208821,31.2759912650001,0,0
34.8169489040001,31.275554754,0,0
34.8195950300001,31.2750374170001,0,0
34.818704697,31.27556129,0,0
34.8192805840001,31.275555115,0,0
34.818012934,31.2742887580001,0,0
34.8192555750001,31.274299587,0,0
34.8169249330001,31.273897526,0,0
34.818163354,31.273750605,0,0
34.819859099,31.273723714,0,0
34.818859194,31.2731828920001,0,0
34.81421112,31.272235548,0,0
34.825914991,31.2730001900001,0,0
34.826082527,31.272582206,0,0
34.825201414,31.2731247570001,0,0
34.825001881,31.2736949440001,0,0
34.8242446940001,31.2727199030001,0,0
34.823177007,31.2728346800001,0,0
34.822299878,31.2732854170001,0,0
34.8232616020001,31.273965699,0,0
34.82239564,31.274366709,0,0
34.8242186150001,31.2741480600001,0,0
34.8229559640001,31.2747040620001,0,0
34.8231946270001,31.2753522350001,0,0
34.822629691,31.275541763,0,0
34.8227767180001,31.2765381560001,0,0
34.8256967130001,31.27544068,0,0
34.8257515980001,31.2748920010001,0,0
34.8250722920001,31.275211278,0,0
34.825439196,31.2758564220001,0,0
34.8248903790001,31.2767136690001,0,0
34.824561101,31.2760112180001,0,0
34.824093991,31.2759735230001,0,0
34.8238937130001,31.2768532540001,0,0
34.823342564,31.277145305,0,0
34.8232226590001,31.2780072890001,0,0
34.824539073,31.2773716450001,0,0
34.8218144840001,31.278522755,0,0
34.8223905290001,31.278035754,0,0
34.820302559,31.2807322420001,0,0
34.819316042,31.280999348,0,0
34.818328636,31.2812959440001,0,0
34.817353113,31.2816449860001,0,0
34.8163189530001,31.2823179970001,0,0
34.8155552050001,31.282838084,0,0
34.8146344510001,31.2831624200001,0,0
34.813587844,31.2832380620001,0,0
34.812533054,31.283289451,0,0
34.8115309180001,31.2835654900001,0,0
34.8108570160001,31.2839172540001,0,0
34.804911953,31.2891168830001,0,0
34.8083925230001,31.2878687960001,0,0
34.808822918,31.2870488240001,0,0
34.8092522970001,31.2862252460001,0,0
34.809671581,31.285396012,0,0
34.810152427,31.284589854,0,0
34.8071795500001,31.2841047040001,0,0
34.8073743890001,31.2826361790001,0,0
34.8042115600001,31.2791946500001,0,0
34.8048418750001,31.279737202,0,0
34.804994992,31.2803561310001,0,0
34.8058161110001,31.2812071970001,0,0
34.806302891,31.28198826,0,0
34.8065688620001,31.2828229580001,0,0
34.8070768760001,31.2832547150001,0,0
34.8091570170001,31.2851603720001,0,0
34.8086411790001,31.285845647,0,0
34.8080399130001,31.284590784,0,0
34.8071510620001,31.285021753,0,0
34.8074098010001,31.2850367300001,0,0
34.806892912,31.285635627,0,0
34.8051022180001,31.2852488240001,0,0
34.8043930200001,31.282515297,0,0
34.8047010070001,31.284460521,0,0
34.8047238130001,31.2836644340001,0,0
34.805125726,31.282960996,0,0
34.803019948,31.2788798620001,0,0
34.8028690370001,31.2800087790001,0,0
34.8029751890001,31.2808877510001,0,0
34.803211827,31.279759348,0,0
34.803153325,31.2816391100001,0,0
34.8038235070001,31.281948394,0,0
34.8035840690001,31.28261781,0,0
34.803798483,31.283318751,0,0
34.8039562590001,31.284110476,0,0
34.8040608050001,31.2848761060001,0,0
34.804157457,31.285671984,0,0
34.804718327,31.2860735420001,0,0
34.7995708240001,31.277931294,0,0
34.8004586820001,31.278105909,0,0
34.8005736910001,31.2786047710001,0,0
34.801529418,31.278851806,0,0
34.801212874,31.2785381530001,0,0
34.801306492,31.2794380920001,0,0
34.799862869,31.279050296,0,0
34.79831016,31.2787964950001,0,0
34.7981628540001,31.2797997820001,0,0
34.7976046640001,31.2800344070001,0,0
34.7977087090001,31.2849218630001,0,0
34.7977804130001,31.284343318,0,0
34.797236662,31.283542342,0,0
34.797120088,31.282948021,0,0
34.798170269,31.2828387920001,0,0
34.7970329460001,31.2818405040001,0,0
34.79759182,31.2812973640001,0,0
34.8015087540001,31.280385213,0,0
34.80177969,31.2822319100001,0,0
34.8004909060001,31.280813181,0,0
34.801091077,31.281756425,0,0
34.8003407240001,31.281708645,0,0
34.799749041,31.2820980060001,0,0
34.799059851,31.2823307470001,0,0
34.801346063,31.282921355,0,0
34.802074772,31.283696574,0,0
34.8022267280001,31.2843307090001,0,0
34.8015935920001,31.2851340710001,0,0
34.8007602530001,31.2845798930001,0,0
34.800184109,31.2836392130001,0,0
34.8000670700001,31.283015473,0,0
34.799163832,31.2834310100001,0,0
34.799022612,31.2842962060001,0,0
34.7998361090001,31.2845021380001,0,0
34.7990184760001,31.2849929560001,0,0
34.803217938,31.2867607330001,0,0
34.8019237950001,31.2860949870001,0,0
34.7998789310001,31.28593719,0,0
34.7988054460001,31.2859174290001,0,0
34.8021454940001,31.2866961340001,0,0
34.7992949920001,31.286202879,0,0
34.800804559,31.2860331960001,0,0
34.801123449,31.2871892370001,0,0
34.800707049,31.2864652590001,0,0
34.798499566,31.286525824,0,0
34.802426263,31.287519726,0,0
34.8001770750001,31.2876212410001,0,0
34.7993877960001,31.2868876370001,0,0
34.799447752,31.2876859190001,0,0
34.802226051,31.288024229,0,0
34.8029700650001,31.2884997090001,0,0
34.800804656,31.2881856880001,0,0
34.7984439900001,31.2879666260001,0,0
34.782577148,31.2471103410001,0,0
34.781877272,31.246976869,0,0
34.7828122770001,31.2477292020001,0,0
34.78322582,31.2493514380001,0,0
34.783934431,31.250336228,0,0
34.785012699,31.250983997,0,0
34.7817413560001,31.2501771350001,0,0
34.779997989,31.2496281270001,0,0
34.778689055,31.2480013730001,0,0
34.777526837,31.249657568,0,0
34.775815741,31.2500765,0,0
34.771507109,31.252813196,0,0
34.7713220570001,31.253068636,0,0
34.772455151,31.253709368,0,0
34.7735090690001,31.253377969,0,0
34.7743852030001,31.253727536,0,0
34.7752298830001,31.2530619410001,0,0
34.775152226,31.2574708430001,0,0
34.7761404290001,31.2581733,0,0
34.777264056,31.257337346,0,0
34.7773372240001,31.256757662,0,0
34.7762505370001,31.256997853,0,0
34.776651031,31.25552371,0,0
34.776567635,31.255042544,0,0
34.775882444,31.2553179230001,0,0
34.777198522,31.254665829,0,0
34.778187659,31.2541487330001,0,0
34.777294156,31.2534226860001,0,0
34.779563694,31.2537501470001,0,0
34.778699601,31.255893343,0,0
34.779767764,31.25536369,0,0
34.7808364050001,31.254658959,0,0
34.780373173,31.254653208,0,0
34.782189949,31.2534922470001,0,0
34.7827340920001,31.252295706,0,0
34.783671542,31.2525908900001,0,0
34.7828116330001,31.251404709,0,0
34.7784953940001,31.258789268,0,0
34.7781969220001,31.2585909760001,0,0
34.778116384,31.2521983140001,0,0
34.790940107,31.2512663750001,0,0
34.7909025650001,31.2507460350001,0,0
34.791015094,31.2505720250001,0,0
34.792364933,31.249379407,0,0
34.7935162200001,31.248212048,0,0
34.794433994,31.2476491680001,0,0
34.795616888,31.2492630150001,0,0
34.7954558870001,31.250536068,0,0
34.797916634,31.24901334,0,0
34.797912583,31.2459636940001,0,0
34.7939821530001,31.2453726040001,0,0
34.7876432240001,31.2456666,0,0
34.7869610180001,31.2465697760001,0,0
34.786944658,31.2471332310001,0,0
34.7851331860001,31.248578853,0,0
34.787984174,31.2513295630001,0,0
34.7895404590001,31.251624871,0,0
34.815761793,31.226558187,0,0
34.815910698,31.226297302,0,0
34.8163241830001,31.2264319500001,0,0
34.8169713940001,31.226306552,0,0
34.8172020980001,31.226063213,0,0
34.817988933,31.2270047480001,0,0
34.818291607,31.2267318660001,0,0
34.814127925,31.225082693,0,0
34.8147115880001,31.2249859030001,0,0
34.815337051,31.2248648080001,0,0
34.815963373,31.224748259,0,0
34.8168262770001,31.2245481640001,0,0
34.8184169890001,31.224246183,0,0
34.820194638,31.2239605670001,0,0
34.819201419,31.222889912,0,0
34.8192455870001,31.222712078,0,0
34.8203756780001,31.2224475310001,0,0
34.8206231020001,31.2225312780001,0,0
34.820315437,31.2226262660001,0,0
34.82104765,31.222832925,0,0
34.8208393150001,31.224328761,0,0
34.821010609,31.2249044370001,0,0
34.821084877,31.2251197410001,0,0
34.821137596,31.2254469760001,0,0
34.821449907,31.226460301,0,0
34.822327607,31.2220992150001,0,0
34.8225696,31.222161127,0,0
34.822855163,31.2226281870001,0,0
34.8220940940001,31.223127312,0,0
34.821754029,31.223388195,0,0
34.8204837050001,31.22289734,0,0
34.8204118680001,31.2231257620001,0,0
34.819159847,31.223251458,0,0
34.817767448,31.2232540910001,0,0
34.8173619020001,31.22305,0,0
34.8174362980001,31.222862782,0,0
34.8176855740001,31.222050343,0,0
34.817790313,31.221822257,0,0
34.8174338210001,31.221746018,0,0
34.8169496800001,31.2216057890001,0,0
34.816833876,31.2218560760001,0,0
34.8165999450001,31.221523785,0,0
34.815732412,31.221301446,0,0
34.816129247,31.221389376,0,0
34.816012808,31.2216451780001,0,0
34.8156139770001,31.2215498480001,0,0
34.8144685880001,31.221220956,0,0
34.8147869370001,31.2213113070001,0,0
34.813892106,31.222195981,0,0
34.814344567,31.2220565530001,0,0
34.8142795300001,31.222277487,0,0
34.814632987,31.2223439140001,0,0
34.814708345,31.2221531610001,0,0
34.815349386,31.2223045440001,0,0
34.81525764,31.222523487,0,0
34.815659553,31.222625023,0,0
34.815746942,31.222413498,0,0
34.8162266320001,31.2225375620001,0,0
34.8165238710001,31.2228468540001,0,0
34.8166415260001,31.2226391350001,0,0
34.81689549,31.2229520110001,0,0
34.817004507,31.22274055,0,0
34.8137800270001,31.2225270650001,0,0
34.8139004060001,31.2229062380001,0,0
34.814190334,31.223120325,0,0
34.814297819,31.224004413,0,0
34.814403715,31.223686566,0,0
34.814898564,31.2235464830001,0,0
34.8154014770001,31.2234248510001,0,0
34.815336745,31.2236323610001,0,0
34.8157652310001,31.223739473,0,0
34.815829804,31.2235711500001,0,0
34.8161355230001,31.223833497,0,0
34.816550314,31.2237195210001,0,0
34.816833214,31.223995066,0,0
34.8169271420001,31.223836132,0,0
34.8117270330001,31.220881481,0,0
34.8143051920001,31.2199956440001,0,0
34.8143404410001,31.2203345340001,0,0
34.814848155,31.220350959,0,0
34.8148899290001,31.220003735,0,0
34.8162495240001,31.220211858,0,0
34.816434309,31.220243994,0,0
34.8164875430001,31.2206448970001,0,0
34.816737409,31.2206955980001,0,0
34.8173385220001,31.2208427570001,0,0
34.81760539,31.220908428,0,0
34.818526623,31.2202677060001,0,0
34.818772256,31.2204412310001,0,0
34.8192396200001,31.219177609,0,0
34.8191309540001,31.219486438,0,0
34.818795338,31.2193934060001,0,0
34.819004927,31.218814502,0,0
34.819533205,31.2183434460001,0,0
34.8196508560001,31.2180319,0,0
34.819716907,31.217816167,0,0
34.819862233,31.2173228230001,0,0
34.8199710310001,31.217015217,0,0
34.8200960680001,31.21670821,0,0
34.8198902940001,31.2163108010001,0,0
34.819782171,31.216631621,0,0
34.8196652710001,31.216939929,0,0
34.819563153,31.2172541830001,0,0
34.8204680320001,31.215732798,0,0
34.8203720380001,31.21604611,0,0
34.819697069,31.215572535,0,0
34.8191082440001,31.215412595,0,0
34.818666482,31.215298499,0,0
34.8185766650001,31.2155085430001,0,0
34.8180878680001,31.21512426,0,0
34.817257582,31.2164244640001,0,0
34.8171448580001,31.2167383870001,0,0
34.8168249350001,31.216709086,0,0
34.8174068640001,31.217913444,0,0
34.817320178,31.218153597,0,0
34.8169972630001,31.218046277,0,0
34.8165924310001,31.2183886990001,0,0
34.8164700250001,31.2187125630001,0,0
34.816279819,31.2181981100001,0,0
34.8181554440001,31.2180937970001,0,0
34.818622039,31.2184537590001,0,0
34.8193611570001,31.2178068370001,0,0
34.8192279800001,31.218185825,0,0
34.816376109,31.2190365120001,0,0
34.8159901170001,31.2191261200001,0,0
34.81664972,31.219418929,0,0
34.8168952400001,31.2194759560001,0,0
34.8174288860001,31.2193700340001,0,0
34.817790427,31.2194661090001,0,0
34.8178226520001,31.2197179680001,0,0
34.8182055080001,31.2198168090001,0,0
34.8117685720001,31.217260857,0,0
34.8242923940001,31.2203225650001,0,0
34.8241514700001,31.2202125370001,0,0
34.8232334950001,31.2199904510001,0,0
34.822966245,31.220056648,0,0
34.8228197080001,31.2203645210001,0,0
34.822668723,31.220835579,0,0
34.8225899290001,31.2210385,0,0
34.82260855,31.221459038,0,0
34.776277851,31.2374167790001,0,0
34.7709104940001,31.2491339480001,0,0
34.770146901,31.249008008,0,0
34.7697151630001,31.2494056830001,0,0
34.769610755,31.2487849290001,0,0
34.7688931010001,31.248323536,0,0
34.7687420670001,31.247337402,0,0
34.769572124,31.247544528,0,0
34.769530076,31.248167725,0,0
34.770084593,31.2486129860001,0,0
34.7700457010001,31.248188719,0,0
34.770770343,31.2484949510001,0,0
34.7705060800001,31.2476097300001,0,0
34.771392427,31.2476299460001,0,0
34.7719575310001,31.24720841,0,0
34.7714185040001,31.246804662,0,0
34.771205266,31.2466730200001,0,0
34.771093685,31.2461672790001,0,0
34.7706194900001,31.246474445,0,0
34.77030811,31.246238098,0,0
34.7698455760001,31.246814036,0,0
34.769514229,31.246839811,0,0
34.7688010740001,31.2450943370001,0,0
34.769054225,31.2456525740001,0,0
34.76878879,31.243850137,0,0
34.769133018,31.24358678,0,0
34.771007893,31.2439091270001,0,0
34.7715378280001,31.243654072,0,0
34.77165311,31.2439532770001,0,0
34.7710471770001,31.2445229160001,0,0
34.772353201,31.244047649,0,0
34.772871981,31.2437187410001,0,0
34.7723714150001,31.2445610730001,0,0
34.7718958460001,31.2448070830001,0,0
34.771658082,31.2455980660001,0,0
34.77227134,31.246260212,0,0
34.772479758,31.2465140190001,0,0
34.7728138960001,31.246672899,0,0
34.7734283020001,31.24639811,0,0
34.7736091670001,31.2460779570001,0,0
34.7730173520001,31.2455135650001,0,0
34.7727995710001,31.244949343,0,0
34.7725376870001,31.244748154,0,0
34.774417392,31.2437111290001,0,0
34.773971547,31.245317836,0,0
34.7771444790001,31.2446285350001,0,0
34.7774587110001,31.2437319680001,0,0
34.7775981070001,31.2439445860001,0,0
34.7763910620001,31.2427761710001,0,0
34.7794703750001,31.24418437,0,0
34.7820776660001,31.245521657,0,0
34.7805555400001,31.2452622590001,0,0
34.779593666,31.246554609,0,0
34.7766392830001,31.2468409040001,0,0
34.7744230800001,31.2481875620001,0,0
34.767966723,31.25152352,0,0
34.7685848,31.252054011,0,0
34.768110215,31.241927581,0,0
34.7688077670001,31.266192495,0,0
34.769163769,31.2655230570001,0,0
34.769200712,31.2649092180001,0,0
34.769913919,31.264272573,0,0
34.7701669800001,31.2628936900001,0,0
34.7704137050001,31.2622695520001,0,0
34.771263639,31.2616636290001,0,0
34.7719589970001,31.261238442,0,0
34.7712487750001,31.2608615560001,0,0
34.770659707,31.260797258,0,0
34.769442569,31.2616103170001,0,0
34.7689567410001,31.2615762300001,0,0
34.7680896800001,31.2611681060001,0,0
34.768686888,31.2621898310001,0,0
34.7674965350001,31.2628406370001,0,0
34.7671050970001,31.2632874920001,0,0
34.766591283,31.263799503,0,0
34.766571662,31.264552925,0,0
34.7673882020001,31.265291002,0,0
34.7683397380001,31.2643654710001,0,0
34.768353769,31.263702962,0,0
34.7678411250001,31.2636419500001,0,0
34.76506241,31.262830579,0,0
34.765356416,31.262559389,0,0
34.764445279,31.262058779,0,0
34.7647249510001,31.26171186,0,0
34.765089651,31.26174609,0,0
34.766030765,31.262493712,0,0
34.7664950230001,31.2630013560001,0,0
34.767055038,31.2622380870001,0,0
34.7663861070001,31.261993251,0,0
34.770226042,31.260363093,0,0
34.769942198,31.259712279,0,0
34.7693614930001,31.259263886,0,0
34.768707136,31.258963759,0,0
34.7684073890001,31.258842498,0,0
34.768048472,31.2590484730001,0,0
34.7673368810001,31.258964023,0,0
34.767899969,31.259572642,0,0
34.767407641,31.2603709100001,0,0
34.7682557730001,31.2601901310001,0,0
34.7686636080001,31.2604726770001,0,0
34.7690711590001,31.260265326,0,0
34.7687127240001,31.260128035,0,0
34.7686941170001,31.260044872,0,0
34.768636057,31.259596994,0,0
34.7665720540001,31.2582937290001,0,0
34.7641497550001,31.259795566,0,0
34.7640795190001,31.256759743,0,0
34.764339841,31.2572913120001,0,0
34.764892386,31.256854483,0,0
34.767139216,31.2569580250001,0,0
34.7668873150001,31.2576837010001,0,0
34.767621187,31.2580088460001,0,0
34.7678938880001,31.2579032190001,0,0
34.7681682250001,31.257953521,0,0
34.768437412,31.25784342,0,0
34.768372377,31.257894595,0,0
34.767943164,31.257348157,0,0
34.768523954,31.2571138110001,0,0
34.7705643400001,31.258709418,0,0
34.770854021,31.2581413180001,0,0
34.772772022,31.2581701080001,0,0
34.7721396760001,31.255322925,0,0
34.770096546,31.254323969,0,0
34.7687319660001,31.2552350010001,0,0
34.76803139,31.2548285840001,0,0
34.7678807730001,31.253975917,0,0
34.766314188,31.253608195,0,0
34.765290534,31.254264936,0,0
34.7653822570001,31.2548771990001,0,0
34.765683241,31.254958564,0,0
34.7660401960001,31.254937892,0,0
34.7662041350001,31.2549841970001,0,0
34.7659956460001,31.255440675,0,0
34.767125439,31.2552283590001,0,0
34.7701816700001,31.256761952,0,0
34.770306615,31.2570592970001,0,0
34.7629620060001,31.254677552,0,0
34.7640728270001,31.2551485320001,0,0
34.764855481,31.2552427480001,0,0
34.762455012,31.2553739320001,0,0
34.7610945650001,31.255225388,0,0
34.76063114,31.25608293,0,0
34.7609799620001,31.256870045,0,0
34.761147861,31.256541763,0,0
34.7619756280001,31.2562038200001,0,0
34.7625794790001,31.256502746,0,0
34.76254785,31.25617694,0,0
34.763158192,31.256664517,0,0
34.809242506,31.2243303320001,0,0
34.8084664850001,31.224362371,0,0
34.811740408,31.222773197,0,0
34.811683267,31.223428171,0,0
34.81172101,31.2236775010001,0,0
34.8130117520001,31.2243163050001,0,0
34.81290497,31.2255838840001,0,0
34.812765245,31.2257553970001,0,0
34.8129723330001,31.226104682,0,0
34.812846597,31.2262547450001,0,0
34.8125052930001,31.2260889300001,0,0
34.812439194,31.225625635,0,0
34.81155205,31.225824066,0,0
34.807189345,31.2265304360001,0,0
34.8064773990001,31.2269795720001,0,0
34.808610796,31.2282026830001,0,0
34.81031604,31.221513443,0,0
34.810626411,31.220921924,0,0
34.8113721660001,31.221428836,0,0
34.8124302200001,31.2204952070001,0,0
34.8126354440001,31.2214872550001,0,0
34.8127566140001,31.2184221690001,0,0
34.8107283150001,31.2172604560001,0,0
34.8107633860001,31.2171223010001,0,0
34.8109120720001,31.217118815,0,0
34.811239211,31.217115033,0,0
34.8112588070001,31.2172637200001,0,0
34.8119473680001,31.217114645,0,0
34.81243634,31.217111469,0,0
34.812341556,31.21704118,0,0
34.812297454,31.217252176,0,0
34.812861438,31.216664801,0,0
34.810885727,31.2154789030001,0,0
34.8108443450001,31.21549258,0,0
34.8103665260001,31.215312969,0,0
34.809714682,31.2154499390001,0,0
34.8095581740001,31.214752021,0,0
34.8113945200001,31.215165384,0,0
34.8115701720001,31.2153207,0,0
34.81159475,31.2154623970001,0,0
34.8113529510001,31.2154656750001,0,0
34.8125896930001,31.2161364410001,0,0
34.8125957140001,31.215808581,0,0
34.8122952430001,31.2154611920001,0,0
34.812709387,31.2151992,0,0
34.812688182,31.2148898790001,0,0
34.813647861,31.2152927380001,0,0
34.8137137460001,31.21544663,0,0
34.812696988,31.213787333,0,0
34.813267916,31.2145437200001,0,0
34.8095324,31.214266432,0,0
34.8107381670001,31.2180821960001,0,0
34.810983756,31.2182259080001,0,0
34.810033015,31.218231921,0,0
34.8089004390001,31.2188842050001,0,0
34.8094206980001,31.223927734,0,0
34.8096498240001,31.223951352,0,0
34.809595406,31.223368088,0,0
34.8127493040001,31.222400899,0,0
34.811457207,31.220467236,0,0
34.8122423620001,31.2203372430001,0,0
34.812591334,31.2212653710001,0,0
34.8126237970001,31.221486258,0,0
34.8127271980001,31.222268441,0,0
34.8128759480001,31.223275175,0,0
34.812995308,31.224278267,0,0
34.813142042,31.2255395060001,0,0
34.813236513,31.226356321,0,0
34.8132802220001,31.2265491650001,0,0
34.8119880410001,31.226857866,0,0
34.811882331,31.2262053810001,0,0
34.8117935560001,31.225775249,0,0
34.810646073,31.226173977,0,0
34.810984773,31.227611128,0,0
34.810884075,31.2280334480001,0,0
34.809782926,31.226718915,0,0
34.8098406460001,31.227744742,0,0
34.8095805940001,31.228431388,0,0
34.8082027130001,31.2266124970001,0,0
34.8082742940001,31.2280294030001,0,0
34.8084377530001,31.228044342,0,0
34.807783855,31.2288210070001,0,0
34.8082992990001,31.2286687,0,0
34.807146667,31.2269632420001,0,0
34.8070101690001,31.2275822620001,0,0
34.8071812920001,31.2276700890001,0,0
34.807052453,31.2282940360001,0,0
34.8072231730001,31.2284416250001,0,0
34.806888191,31.2290165470001,0,0
34.8070711390001,31.228943074,0,0
34.8059754810001,31.229208096,0,0
34.8056714750001,31.228570899,0,0
34.805737026,31.228410275,0,0
34.805892769,31.227505363,0,0
34.806095203,31.227389526,0,0
34.7866236420001,31.23021921,0,0
34.786044287,31.2302400630001,0,0
34.781849213,31.2554774990001,0,0
34.787970611,31.252719052,0,0
34.788011141,31.2527516050001,0,0
34.7882173680001,31.252842528,0,0
34.7882616200001,31.2528160580001,0,0
34.787450248,31.2522316380001,0,0
34.7870808690001,31.253176497,0,0
34.7868644270001,31.2525637960001,0,0
34.7859361500001,31.25240712,0,0
34.7862471280001,31.2520399920001,0,0
34.7859325700001,31.2521062800001,0,0
34.7931311340001,31.2528782030001,0,0
34.7934219040001,31.253222615,0,0
34.7929012550001,31.254332806,0,0
34.7928287450001,31.2540009210001,0,0
34.792275052,31.254341552,0,0
34.7926089440001,31.255136887,0,0
34.7917787970001,31.254824215,0,0
34.7906822900001,31.2546736140001,0,0
34.788853239,31.2543222510001,0,0
34.788850068,31.254326688,0,0
34.7887558190001,31.2542167350001,0,0
34.7882937960001,31.2533741670001,0,0
34.789095536,31.252103994,0,0
34.790458162,31.2528417340001,0,0
34.7912590110001,31.252105957,0,0
34.7905583450001,31.253698064,0,0
34.789506241,31.253412398,0,0
34.7893944590001,31.253922136,0,0
34.791446707,31.253852405,0,0
34.789309114,31.2528021,0,0
34.7992180740001,31.255760303,0,0
34.798821746,31.25632052,0,0
34.798603144,31.257667623,0,0
34.7980560940001,31.2574046240001,0,0
34.7981954840001,31.2565555350001,0,0
34.798263623,31.255696003,0,0
34.795874315,31.2583434800001,0,0
34.7965674210001,31.2583714790001,0,0
34.7970050590001,31.2581749490001,0,0
34.7960741580001,31.2576125900001,0,0
34.797032286,31.2577138020001,0,0
34.7961385300001,31.2568771570001,0,0
34.7962712280001,31.2568464920001,0,0
34.796156823,31.255679399,0,0
34.7970536020001,31.257158583,0,0
34.797070922,31.256933959,0,0
34.7971511960001,31.255859462,0,0
34.797232625,31.2551622550001,0,0
34.7938366810001,31.2555932810001,0,0
34.7941227480001,31.2556447010001,0,0
34.7951288960001,31.255806654,0,0
34.7950864950001,31.256596265,0,0
34.7941464690001,31.257198052,0,0
34.7950768700001,31.257579262,0,0
34.7941529560001,31.257812696,0,0
34.7950657710001,31.2580484060001,0,0
34.787858929,31.2575726210001,0,0
34.783678847,31.257712639,0,0
34.7879246630001,31.2581383630001,0,0
34.786137851,31.258650974,0,0
34.780787375,31.258319063,0,0
34.7826756870001,31.2555769260001,0,0
34.7807366690001,31.2559845760001,0,0
34.776759068,31.258278713,0,0
34.777977634,31.2576412440001,0,0
34.778477122,31.258791194,0,0
34.781266961,31.2576023300001,0,0
34.781352693,31.258529552,0,0
34.799214899,31.254305394,0,0
34.797800775,31.253711588,0,0
34.798686473,31.2537655300001,0,0
34.79860581,31.252886002,0,0
34.7989160670001,31.251626301,0,0
34.798434016,31.252017225,0,0
34.798101423,31.252563578,0,0
34.796419384,31.2533781340001,0,0
34.7962818120001,31.2533225240001,0,0
34.7963061250001,31.2538484660001,0,0
34.796472743,31.2539744630001,0,0
34.7962709280001,31.2543235420001,0,0
34.7972493950001,31.2548641450001,0,0
34.7972639490001,31.254753572,0,0
34.7972641170001,31.2547495900001,0,0
34.7972210820001,31.254630879,0,0
34.7972212500001,31.254626897,0,0
34.797221269,31.254622399,0,0
34.797283501,31.254313509,0,0
34.797277771,31.254314069,0,0
34.797272047,31.254313472,0,0
34.797264569,31.25401494,0,0
34.7972588390001,31.254015501,0,0
34.797253115,31.254014904,0,0
34.7972838850001,31.253714045,0,0
34.7972781550001,31.253714605,0,0
34.7972724300001,31.2537140090001,0,0
34.797270337,31.251340226,0,0
34.796321064,31.2528662300001,0,0
34.7966957300001,31.252228357,0,0
34.7959518640001,31.2515866300001,0,0
34.79414963,31.251930052,0,0
34.7944177360001,31.251903543,0,0
34.795174482,31.2517342990001,0,0
34.79516656,31.2517358,0,0
34.795171033,31.251735313,0,0
34.7955210750001,31.251879466,0,0
34.7955210060001,31.2518757610001,0,0
34.7955209250001,31.2518713910001,0,0
34.7955548750001,31.252161571,0,0
34.7940320450001,31.2528013890001,0,0
34.7940139780001,31.253598137,0,0
34.7949656160001,31.2535732050001,0,0
34.795089256,31.2532095610001,0,0
34.795398204,31.253729096,0,0
34.7957625770001,31.2531805560001,0,0
34.7957397260001,31.2537678680001,0,0
34.795903357,31.2536073570001,0,0
34.7957547560001,31.254370877,0,0
34.79211099,31.2582987220001,0,0
34.793078162,31.255376159,0,0
34.792219991,31.2560331010001,0,0
34.790776699,31.2572985850001,0,0
34.7928102230001,31.2568501280001,0,0
34.7917851810001,31.256819052,0,0
34.792016968,31.257727505,0,0
34.7615247900001,31.2609958470001,0,0
34.7601547310001,31.2604765080001,0,0
34.7606021560001,31.2602614910001,0,0
34.7610299450001,31.2601256400001,0,0
34.80284368,31.2434945700001,0,0
34.802672692,31.2433196800001,0,0
34.8025492130001,31.241439772,0,0
34.80184065,31.2420058110001,0,0
34.802442408,31.2429356640001,0,0
34.8041322780001,31.2437358830001,0,0
34.8037292340001,31.242947755,0,0
34.8032866840001,31.242527409,0,0
34.8051340380001,31.243286024,0,0
34.8043371250001,31.242980387,0,0
34.8045875020001,31.2450072840001,0,0
34.8041961230001,31.2447176110001,0,0
34.7961512530001,31.233379385,0,0
34.796155631,31.233383594,0,0
34.797437218,31.2325353190001,0,0
34.7974368540001,31.2325423030001,0,0
34.796463929,31.233050878,0,0
34.796139231,31.233148462,0,0
34.7969925470001,31.2328081910001,0,0
34.7978376900001,31.2325098540001,0,0
34.797374743,31.232024704,0,0
34.797743661,31.2314439190001,0,0
34.797743661,31.2314439190001,0,0
34.7975277850001,31.2311271180001,0,0
34.801557872,31.2357527080001,0,0
34.80197438,31.232191335,0,0
34.80122829,31.2338365950001,0,0
34.7988386910001,31.235449185,0,0
34.801902526,31.2344869340001,0,0
34.8008079420001,31.2359445480001,0,0
34.8023154630001,31.236523995,0,0
34.793480618,31.237098018,0,0
34.793012812,31.2374563220001,0,0
34.795654975,31.23832077,0,0
34.7935717550001,31.237978841,0,0
34.794039045,31.2381396600001,0,0
34.794630238,31.2383726310001,0,0
34.7938020450001,31.237098078,0,0
34.79342939,31.237635681,0,0
34.793871805,31.2377980750001,0,0
34.793976399,31.2378353510001,0,0
34.7942725780001,31.237890529,0,0
34.7950922530001,31.2381284680001,0,0
34.7942139720001,31.237364531,0,0
34.794651736,31.237247166,0,0
34.79496249,31.2371556690001,0,0
34.7958981690001,31.236894964,0,0
34.796044851,31.2384539600001,0,0
34.797434975,31.2389394900001,0,0
34.7970534930001,31.239210901,0,0
34.7970257540001,31.237488146,0,0
34.796484746,31.2367388390001,0,0
34.797394968,31.236470206,0,0
34.800280867,31.2371917070001,0,0
34.7972256510001,31.2359710010001,0,0
34.7987365290001,31.2361034150001,0,0
34.800983644,31.237394119,0,0
34.801018185,31.2389082350001,0,0
34.7999922820001,31.239670156,0,0
34.8029442110001,31.241031595,0,0
34.8030770500001,31.2408759370001,0,0
34.80302497,31.2406884860001,0,0
34.802958763,31.24056834,0,0
34.8027445590001,31.240280865,0,0
34.802708072,31.2401508770001,0,0
34.802812965,31.2399830410001,0,0
34.802317132,31.2404329330001,0,0
34.8023997710001,31.240071545,0,0
34.802237824,31.240095319,0,0
34.8021195420001,31.2396209280001,0,0
34.8020920340001,31.2405032130001,0,0
34.803565199,31.241221689,0,0
34.803500403,31.2412722400001,0,0
34.803943378,31.240085542,0,0
34.8040053830001,31.2405377810001,0,0
34.8044126570001,31.24096639,0,0
34.805104816,31.2412690720001,0,0
34.8041976690001,31.241582954,0,0
34.8040898200001,31.2418552290001,0,0
34.804773964,31.2421194980001,0,0
34.804806168,31.242116014,0,0
34.8063225400001,31.2414665380001,0,0
34.815954021,31.264160067,0,0
34.8148574890001,31.2634888580001,0,0
34.814434944,31.2626723170001,0,0
34.813984889,31.2619733820001,0,0
34.8131872330001,31.2631267620001,0,0
34.813529983,31.2636991030001,0,0
34.8135694470001,31.2642832970001,0,0
34.813491077,31.265190481,0,0
34.81274997,31.264762202,0,0
34.8109546810001,31.2635268940001,0,0
34.8116400160001,31.2630364190001,0,0
34.812767858,31.2625087540001,0,0
34.812965922,31.262414517,0,0
34.8149139720001,31.2643617740001,0,0
34.814700186,31.265092542,0,0
34.7999110420001,31.2826799420001,0,0
34.8000068060001,31.2826372850001,0,0
34.7993109870001,31.2822696900001,0,0
34.799311495,31.282265054,0,0
34.8135407710001,31.2640698800001,0,0
34.812964906,31.264082726,0,0
34.812965476,31.2640903820001,0,0
34.8129650770001,31.2640995840001,0,0
34.8128013350001,31.2645307550001,0,0
34.8131481880001,31.264837298,0,0
34.7763797920001,31.2347435470001,0,0
34.7688266930001,31.2311187880001,0,0
34.7681989390001,31.2311741780001,0,0
34.767768001,31.230956511,0,0
34.768297965,31.2308045950001,0,0
34.768894964,31.230791418,0,0
34.7996505560001,31.284610184,0,0
34.797219704,31.2472063320001,0,0
34.796240197,31.2458380790001,0,0
34.793176589,31.247256689,0,0
34.793662887,31.247762805,0,0
34.7953819090001,31.2473487350001,0,0
34.793109137,31.2456293440001,0,0
34.794587639,31.2460659400001,0,0
34.7958724850001,31.24643911,0,0
34.792932493,31.2514374530001,0,0
34.792717736,31.250870521,0,0
34.7925497590001,31.250113148,0,0
34.7979212060001,31.2499289260001,0,0
34.794631253,31.2490439690001,0,0
34.794638772,31.249052427,0,0
34.792353538,31.24939284,0,0
34.796501391,31.2481677060001,0,0
34.7976617900001,31.247976991,0,0
34.797943316,31.2490483730001,0,0
34.793661377,31.2497846050001,0,0
34.7947627670001,31.2494499800001,0,0
34.7959325410001,31.249393393,0,0
34.797286688,31.249385681,0,0
34.795473428,31.2505356560001,0,0
34.7954693680001,31.250537348,0,0
34.796610361,31.250683592,0,0
34.7905376310001,31.246054632,0,0
34.790269913,31.2468025110001,0,0
34.791202518,31.2464906880001,0,0
34.792136038,31.246161563,0,0
34.789309008,31.245481188,0,0
34.790300991,31.2481531020001,0,0
34.7894761810001,31.245916058,0,0
34.7885622810001,31.245465471,0,0
34.7888193210001,31.2471380100001,0,0
34.788332016,31.2478160860001,0,0
34.783480409,31.246563544,0,0
34.784404325,31.24976264,0,0
34.783592265,31.247601155,0,0
34.784030236,31.2487413440001,0,0
34.783636378,31.247373828,0,0
34.783626208,31.2469890690001,0,0
34.783438647,31.2469918690001,0,0
34.7846165120001,31.247467838,0,0
34.784933832,31.2462579830001,0,0
34.7857762190001,31.2468508380001,0,0
34.786960638,31.246573756,0,0
34.7854846880001,31.247866193,0,0
34.787423914,31.2472528980001,0,0
34.7870393540001,31.24776022,0,0
34.786263091,31.248608894,0,0
34.786662445,31.2493932620001,0,0
34.787230858,31.2496792760001,0,0
34.786910392,31.2498445690001,0,0
34.7871782020001,31.2501894860001,0,0
34.788318481,31.250729157,0,0
34.7900908060001,31.2497819980001,0,0
34.788714735,31.2487109630001,0,0
34.7894061700001,31.2487136240001,0,0
34.789536243,31.2516252510001,0,0
34.7879182040001,31.2513116650001,0,0
34.7914314,31.250363356,0,0
34.79099483,31.250586635,0,0
34.7908971630001,31.250741593,0,0
34.7909396270001,31.2512644110001,0,0
34.8014944710001,31.2846341100001,0,0
34.8014892460001,31.284628051,0,0
34.8014921720001,31.2846313970001,0,0
34.800910829,31.284415256,0,0
34.800908694,31.2844164640001,0,0
34.7932096930001,31.2482197590001,0,0
34.7916218490001,31.2470421720001,0,0
34.792397389,31.2475031180001,0,0
34.776367857,31.2354614930001,0,0
34.7763001860001,31.2353551840001,0,0
34.7747355560001,31.2349242020001,0,0
34.774982854,31.234961045,0,0
34.7898583670001,31.269645746,0,0
34.799516323,31.2832191,0,0
34.799515672,31.2832167170001,0,0
34.7995148420001,31.2832142520001,0,0
34.7998501100001,31.2834351830001,0,0
34.799853281,31.2834376370001,0,0
34.7998558100001,31.2834405680001,0,0
34.799404544,31.283889501,0,0
34.799401953,31.2838913510001,0,0
34.7993987180001,31.2838937400001,0,0
34.7990843690001,31.284097489,0,0
34.7990827260001,31.284096221,0,0
34.794664174,31.251214002,0,0
34.77182284,31.2603759740001,0,0
34.7725113760001,31.260865138,0,0
34.770889536,31.2599706930001,0,0
34.787500875,31.256327125,0,0
34.7875012440001,31.256327008,0,0
34.7880280850001,31.2566650260001,0,0
34.788028453,31.25666491,0,0
34.787858929,31.2575726210001,0,0
34.7907006660001,31.240301829,0,0
34.792113252,31.2417691650001,0,0
34.791296876,31.2411313740001,0,0
34.7729564050001,31.26969953,0,0
34.790870555,31.249276486,0,0
34.788769481,31.236328841,0,0
34.7891361200001,31.2364790030001,0,0
34.7882641080001,31.2368775040001,0,0
34.7877108800001,31.2381549350001,0,0
34.80825859,31.2579644680001,0,0
34.7934664900001,31.2399017450001,0,0
34.787764403,31.237425122,0,0
34.7881456330001,31.2378470990001,0,0
34.789242352,31.242146006,0,0
34.7938286290001,31.2396842200001,0,0
34.793975415,31.2396635470001,0,0
34.79005125,31.2428741470001,0,0
34.7893357670001,31.243407324,0,0
34.793292932,31.2559388,0,0
34.786983782,31.2352928550001,0,0
34.8051812370001,31.251167476,0,0
34.770145572,31.2309532840001,0,0
34.7701301920001,31.231258865,0,0
34.7701301920001,31.231258865,0,0
34.7701301920001,31.231258865,0,0
34.769473206,31.2311466690001,0,0
34.7706463220001,31.231097221,0,0
34.7707035340001,31.231434542,0,0
34.7710289020001,31.2314459930001,0,0
34.7777507960001,31.2415102190001,0,0
34.800933184,31.2210797130001,0,0
34.8028989900001,31.220212717,0,0
34.8017306140001,31.220532572,0,0
34.802909615,31.2210524290001,0,0
34.801569584,31.2210677620001,0,0
34.8009333270001,31.221079635,0,0
34.802335176,31.221375622,0,0
34.8013323710001,31.2218494200001,0,0
34.8025368080001,31.2222862990001,0,0
34.8020760310001,31.222391816,0,0
34.8003876070001,31.222324493,0,0
34.8010543520001,31.222799873,0,0
34.80014671,31.223118721,0,0
34.8008260400001,31.2235848380001,0,0
34.7998725510001,31.2239025010001,0,0
34.799430601,31.2237640070001,0,0
34.7990129990001,31.2237105770001,0,0
34.798679276,31.224528723,0,0
34.7994754690001,31.2249086570001,0,0
34.8004892370001,31.225298878,0,0
34.8014801790001,31.22552634,0,0
34.799424969,31.2254261780001,0,0
34.7984248540001,31.2252272900001,0,0
34.797960652,31.2257977990001,0,0
34.7976740770001,31.2266399600001,0,0
34.7672627640001,31.2323595870001,0,0
34.7681148250001,31.2325111970001,0,0
34.769126799,31.232348927,0,0
34.77015806,31.232503179,0,0
34.77100384,31.232727364,0,0
34.7711729660001,31.232268882,0,0
34.77138933,31.2331587050001,0,0
34.770609709,31.2332829320001,0,0
34.7695851760001,31.2333563110001,0,0
34.7713468040001,31.2345835450001,0,0
34.7606498970001,31.2302373370001,0,0
34.7664566380001,31.232989262,0,0
34.7667654860001,31.233510874,0,0
34.767546021,31.2338012010001,0,0
34.7685250500001,31.2341557500001,0,0
34.769650531,31.234011153,0,0
34.768552453,31.2334305310001,0,0
34.7677905040001,31.233181288,0,0
34.771338508,31.2450334420001,0,0
34.771670063,31.2444061800001,0,0
34.7756120720001,31.243405926,0,0
34.7703978280001,31.2436093690001,0,0
34.7681295850001,31.2429742,0,0
34.7742816590001,31.2473577150001,0,0
34.7683005380001,31.244236238,0,0
34.768599781,31.246302782,0,0
34.7690805820001,31.2493794600001,0,0
34.778367034,31.247034489,0,0
34.77966795,31.2458297960001,0,0
34.7776974340001,31.2459491860001,0,0
34.7918718830001,31.2388185830001,0,0
34.7949706900001,31.2401479970001,0,0
34.7985529920001,31.2503915390001,0,0
34.8006207610001,31.2488941830001,0,0
34.78226641,31.2294547820001,0,0
34.7831873280001,31.2291915320001,0,0
34.7819199950001,31.229106319,0,0
34.78176101,31.2298005050001,0,0
34.782422807,31.229956327,0,0
34.7831280780001,31.229644066,0,0
34.7819503060001,31.2303871030001,0,0
34.7828322550001,31.230159734,0,0
34.7864416570001,31.2296623770001,0,0
34.785926472,31.229618961,0,0
34.785288947,31.2295461300001,0,0
34.7844217890001,31.2295461950001,0,0
34.783850446,31.229059997,0,0
34.7838646210001,31.2285858660001,0,0
34.784652753,31.228445924,0,0
34.785576416,31.2283206770001,0,0
34.784421761,31.2290250250001,0,0
34.785358452,31.229005511,0,0
34.786177292,31.229022613,0,0
34.7864070850001,31.2285885910001,0,0
34.787034663,31.2282862210001,0,0
34.7879840350001,31.2280301810001,0,0
34.797769504,31.2296112980001,0,0
34.7971867460001,31.2298642120001,0,0
34.7971465320001,31.2291886570001,0,0
34.7974046520001,31.2287489120001,0,0
34.7923546960001,31.2279854980001,0,0
34.792920054,31.228185167,0,0
34.7937572650001,31.228247912,0,0
34.7946638110001,31.227984323,0,0
34.7902010710001,31.237884766,0,0
34.7857892260001,31.2349105770001,0,0
34.788768281,31.2420119,0,0
34.7890725990001,31.2418101970001,0,0
34.7842594460001,31.2520186200001,0,0
34.7701916340001,31.2455323410001,0,0
34.7750134350001,31.249299873,0,0
34.7893808960001,31.238910031,0,0
34.7889626480001,31.23869288,0,0
34.796108895,31.2321412490001,0,0
34.795574651,31.232920243,0,0
34.77337278,31.25432518,0,0
34.774554182,31.2556801060001,0,0
34.7742142660001,31.254834429,0,0
34.779341147,31.253288061,0,0
34.780795144,31.253364264,0,0
34.772041492,31.2535799890001,0,0
34.7727918360001,31.2530178420001,0,0
34.777673162,31.2551708390001,0,0
34.770426335,31.2491704940001,0,0
34.7911120860001,31.238617494,0,0
34.7751325720001,31.2512450290001,0,0
34.776382336,31.2506109600001,0,0
34.776544233,31.2503908480001,0,0
34.7759014120001,31.250650364,0,0
34.777283729,31.249848838,0,0
34.778069443,31.249263172,0,0
34.7786607520001,31.2488071430001,0,0
34.778858848,31.2486157550001,0,0
34.7723166100001,31.252213349,0,0
34.77458526,31.2521447710001,0,0
34.7756142600001,31.253165009,0,0
34.776694074,31.2542008680001,0,0
34.7758489990001,31.2546182070001,0,0
34.7767964330001,31.250563125,0,0
34.7815356780001,31.2470305410001,0,0
34.780813605,31.247118808,0,0
34.78992205,31.2394887940001,0,0
34.7773652700001,31.242253615,0,0
34.7772350450001,31.2425561960001,0,0
34.788547067,31.240411384,0,0
34.794215536,31.247247094,0,0
34.7827929100001,31.2702122860001,0,0
34.7953276530001,31.2669713770001,0,0
34.7963841,31.267253295,0,0
34.7971098940001,31.266976899,0,0
34.80033769,31.267050565,0,0
34.7962750740001,31.2728334180001,0,0
34.7964740150001,31.271855842,0,0
34.790056662,31.262175616,0,0
34.7904755760001,31.2612478340001,0,0
34.7783620390001,31.2297083170001,0,0
34.7930774770001,31.258798374,0,0
34.7970605080001,31.2619506180001,0,0
34.800280673,31.2683305960001,0,0
34.7985913470001,31.265149911,0,0
34.8009517830001,31.265185011,0,0
34.7999604230001,31.266280829,0,0
34.800542745,31.266222004,0,0
34.7949336840001,31.271868715,0,0
34.796930832,31.261183413,0,0
34.783767934,31.270755711,0,0
34.7867898580001,31.2723359410001,0,0
34.794434928,31.273327877,0,0
34.7951440160001,31.2730220080001,0,0
34.764962467,31.2528081510001,0,0
34.7700228520001,31.251255068,0,0
34.8040565250001,31.287084195,0,0
34.8046830120001,31.2878337700001,0,0
34.805147839,31.2887028700001,0,0
34.7631262210001,31.270249086,0,0
34.8066549270001,31.2756889680001,0,0
34.786497335,31.2459281,0,0
34.788662324,31.249189265,0,0
34.7883687070001,31.2502867850001,0,0
34.794889719,31.246871528,0,0
34.760135056,31.252737912,0,0
34.7616736850001,31.2537236150001,0,0
34.7637562250001,31.253116176,0,0
34.7627327060001,31.2528230240001,0,0
34.7614137840001,31.252917826,0,0
34.77827596,31.2381016580001,0,0
34.765410866,31.252178013,0,0
34.7632050240001,31.243216972,0,0
34.8013518220001,31.275563854,0,0
34.8020109650001,31.276310245,0,0
34.7901309750001,31.271493735,0,0
34.776525228,31.2420335400001,0,0
34.7648004320001,31.2422626540001,0,0
34.76402697,31.2426228640001,0,0
34.7641561630001,31.241679844,0,0
34.7630936150001,31.2424826480001,0,0
34.7647259660001,31.242962918,0,0
34.7955541700001,31.2703452740001,0,0
34.797330645,31.2447238710001,0,0
34.8004685290001,31.279380814,0,0
34.808010521,31.271137932,0,0
34.797223634,31.2442707120001,0,0
34.7988822570001,31.244214039,0,0
34.7995120190001,31.24421442,0,0
34.800040747,31.2456782570001,0,0
34.805580895,31.281289443,0,0
34.7990722550001,31.247344168,0,0
34.7992057980001,31.247857594,0,0
34.8071275070001,31.2879642280001,0,0
34.8061510050001,31.288061058,0,0
34.805032764,31.286494143,0,0
34.7837313140001,31.271569087,0,0
34.805866054,31.2719709950001,0,0
34.801463133,31.2472351420001,0,0
34.8030192430001,31.246657321,0,0
34.761984452,31.261061398,0,0
34.8000602820001,31.2811949490001,0,0
34.798042674,31.2622916500001,0,0
34.792919769,31.2693134560001,0,0
34.7982869750001,31.2844268920001,0,0
34.7570099530001,31.25520499,0,0
34.7578159020001,31.256003386,0,0
34.8024299570001,31.2548491250001,0,0
34.772465239,31.231730595,0,0
34.772118651,31.2319758360001,0,0
34.771853417,31.231518242,0,0
34.8044453750001,31.2839033810001,0,0
34.80028301,31.255812169,0,0
34.7623375680001,31.2665962950001,0,0
34.7611947570001,31.265807884,0,0
34.784489079,31.2599483490001,0,0
34.7799426940001,31.24320978,0,0
34.799106077,31.2427967460001,0,0
34.798976925,31.2427975320001,0,0
34.762523071,31.2667043430001,0,0
34.8131856460001,31.2432643390001,0,0
34.7749791580001,31.2384148090001,0,0
34.767908606,31.236836317,0,0
34.8173979920001,31.2560756440001,0,0
34.8133956390001,31.253238722,0,0
34.799396094,31.2505036540001,0,0
34.8034210330001,31.244132058,0,0
34.7914654510001,31.2302635930001,0,0
34.7947986360001,31.231321,0,0
34.7872635890001,31.2368895550001,0,0
34.7908207310001,31.2415316610001,0,0
34.806073568,31.268750954,0,0
34.8225302160001,31.2730256420001,0,0
34.806093601,31.28671021,0,0
34.781828326,31.268359294,0,0
34.769805616,31.245967023,0,0
34.788606633,31.2385699980001,0,0
34.7988108480001,31.2609266640001,0,0
34.7985668370001,31.2600431880001,0,0
34.798556841,31.2593035250001,0,0
34.7985317600001,31.2548355590001,0,0
34.8001314700001,31.2502399840001,0,0
34.8014956430001,31.251102615,0,0
34.801702564,31.248380282,0,0
34.7985123890001,31.2678190460001,0,0
34.8125267200001,31.2630543700001,0,0
34.7836543930001,31.229730368,0,0
34.7858655580001,31.235325673,0,0
34.802229809,31.271808343,0,0
34.82246789,31.255877835,0,0
34.8229285350001,31.256649859,0,0
34.822376338,31.2571769630001,0,0
